d0,d1,d2,d3
108468.0,78806.0,584047.0,431875.0
109370.0,83733.0,602604.0,446717.0
111383.0,63561.0,605242.0,429899.0
112822.0,70167.0,598907.0,426272.0
113526.0,81197.0,587223.0,440829.0
113834.0,78666.0,589870.0,418629.0
114294.0,80618.0,610281.0,418233.0
114367.0,72772.0,606702.0,429079.0
114508.0,77948.0,599651.0,422857.0
114624.0,75530.0,605299.0,428506.0
114800.0,74684.0,595893.0,432313.0
114836.0,78724.0,612469.0,420264.0
115058.0,73078.0,603970.0,425400.0
115977.0,85636.0,606209.0,428065.0
116103.0,91199.0,608675.0,434683.0
116319.0,72511.0,599379.0,435434.0
116663.0,74678.0,598430.0,420814.0
116804.0,77067.0,606324.0,418784.0
116835.0,83348.0,592986.0,427961.0
116976.0,76884.0,596244.0,433031.0
117241.0,72720.0,606240.0,434616.0
117315.0,80454.0,590194.0,422816.0
117438.0,78370.0,600539.0,432749.0
117660.0,81892.0,600963.0,430781.0
117692.0,85932.0,593029.0,434004.0
117706.0,73358.0,596306.0,424539.0
117813.0,87264.0,592239.0,422817.0
118050.0,82616.0,611714.0,427784.0
118129.0,85487.0,597289.0,420972.0
118234.0,84571.0,603341.0,426728.0
118710.0,75397.0,607750.0,427467.0
118743.0,87126.0,601633.0,423113.0
118753.0,85024.0,601425.0,428658.0
118763.0,81938.0,594340.0,439591.0
118797.0,81259.0,599563.0,431908.0
118846.0,68011.0,601567.0,416176.0
118971.0,71291.0,609074.0,425295.0
119078.0,85418.0,589168.0,437485.0
119087.0,83318.0,596747.0,421952.0
119373.0,81658.0,598316.0,421535.0
119453.0,74127.0,594412.0,426993.0
119592.0,81319.0,594743.0,416325.0
119611.0,79718.0,596821.0,424920.0
119733.0,77105.0,593935.0,431167.0
119812.0,68945.0,592160.0,431173.0
119868.0,75712.0,588443.0,422217.0
119952.0,76664.0,595228.0,425444.0
119990.0,84019.0,593145.0,433885.0
120036.0,83957.0,611600.0,420975.0
120216.0,78023.0,590533.0,436384.0
120436.0,79761.0,594567.0,427958.0
120451.0,92283.0,592825.0,428173.0
120502.0,77374.0,602047.0,433573.0
120547.0,79785.0,601223.0,415772.0
120556.0,88743.0,600345.0,433299.0
120601.0,78972.0,593808.0,422737.0
120630.0,79298.0,592369.0,425525.0
120756.0,80197.0,592784.0,432633.0
120797.0,71218.0,587508.0,440347.0
120840.0,70744.0,602277.0,436878.0
120856.0,80127.0,597143.0,419490.0
120921.0,89587.0,598266.0,425244.0
120921.0,89959.0,594161.0,430386.0
120925.0,78355.0,603737.0,434095.0
120974.0,73364.0,591812.0,431757.0
121043.0,69828.0,603503.0,431790.0
121089.0,79471.0,598516.0,431049.0
121164.0,91421.0,597644.0,424601.0
121181.0,85406.0,599561.0,436440.0
121186.0,79257.0,600355.0,419563.0
121243.0,87319.0,596062.0,431498.0
121348.0,76692.0,598717.0,424797.0
121391.0,87551.0,603189.0,428099.0
121397.0,78357.0,590113.0,434355.0
121427.0,74354.0,593344.0,430353.0
121500.0,82238.0,593087.0,427742.0
121551.0,75773.0,600403.0,430109.0
121571.0,74453.0,606644.0,429597.0
121639.0,78335.0,597213.0,437528.0
121813.0,88873.0,599391.0,422802.0
121919.0,82559.0,605866.0,436556.0
121944.0,81309.0,599263.0,416935.0
121953.0,73184.0,606375.0,434716.0
121953.0,82580.0,594988.0,426633.0
121975.0,84747.0,590986.0,431998.0
122002.0,83738.0,595086.0,428356.0
122113.0,86603.0,603360.0,445967.0
122140.0,71743.0,597185.0,430048.0
122165.0,80938.0,604882.0,423269.0
122195.0,82744.0,596857.0,430702.0
122274.0,83941.0,587526.0,435541.0
122329.0,77680.0,602666.0,423447.0
122472.0,77887.0,601392.0,435240.0
122497.0,74894.0,595279.0,433921.0
122553.0,72368.0,591885.0,443307.0
122581.0,89195.0,599326.0,440268.0
122584.0,81129.0,596012.0,421649.0
122657.0,85935.0,586250.0,429228.0
122748.0,80509.0,588490.0,424659.0
122798.0,97775.0,601503.0,425356.0
122944.0,74719.0,598349.0,431868.0
122951.0,86488.0,606364.0,432004.0
123008.0,89134.0,615234.0,433322.0
123100.0,81673.0,605236.0,417012.0
123130.0,89992.0,591353.0,421572.0
123167.0,77312.0,591009.0,417055.0
123251.0,93160.0,593010.0,429582.0
123282.0,76612.0,584550.0,432883.0
123298.0,82342.0,581984.0,434955.0
123311.0,81782.0,594082.0,430123.0
123328.0,75611.0,602049.0,425508.0
123358.0,83288.0,600941.0,436990.0
123427.0,76172.0,596566.0,437911.0
123441.0,86732.0,583229.0,426395.0
123442.0,81654.0,591908.0,432930.0
123466.0,74785.0,601654.0,423244.0
123506.0,87083.0,585436.0,434277.0
123546.0,79361.0,593677.0,422099.0
123578.0,68232.0,598166.0,425405.0
123743.0,75311.0,598788.0,432246.0
123829.0,80016.0,595407.0,424529.0
123906.0,82383.0,588976.0,423095.0
124016.0,81841.0,594985.0,425574.0
124036.0,76680.0,609054.0,435093.0
124101.0,75737.0,599933.0,422743.0
124363.0,74628.0,591167.0,423677.0
124433.0,88482.0,600564.0,431107.0
124437.0,82670.0,602203.0,425039.0
124474.0,94142.0,597999.0,422944.0
124476.0,83550.0,600398.0,423060.0
124536.0,86736.0,597865.0,429118.0
124673.0,92511.0,596548.0,422685.0
124689.0,80311.0,593653.0,429716.0
124702.0,72950.0,600556.0,433676.0
124736.0,76671.0,595175.0,433388.0
124787.0,75193.0,600124.0,426337.0
124887.0,73922.0,609764.0,437548.0
124949.0,64394.0,599720.0,442451.0
124996.0,70316.0,601143.0,434521.0
125060.0,83830.0,602310.0,430288.0
125223.0,74071.0,603599.0,427004.0
125386.0,85656.0,603059.0,437148.0
125389.0,85118.0,596527.0,433772.0
125491.0,76717.0,594129.0,420324.0
125516.0,69803.0,602750.0,432810.0
125531.0,78522.0,591396.0,422590.0
125713.0,80937.0,599290.0,421740.0
125840.0,80572.0,609253.0,432083.0
125859.0,78217.0,596078.0,419923.0
125871.0,80010.0,604119.0,428769.0
125871.0,95353.0,596959.0,414890.0
125905.0,77861.0,598219.0,427311.0
125990.0,70737.0,595935.0,437418.0
126012.0,78758.0,602771.0,430095.0
126021.0,74728.0,597008.0,418998.0
126084.0,75565.0,587497.0,425422.0
126132.0,83886.0,594455.0,425938.0
126203.0,75037.0,599588.0,423578.0
126340.0,79968.0,593854.0,431554.0
126369.0,80928.0,603291.0,446409.0
126371.0,81428.0,595239.0,428529.0
126481.0,80160.0,593377.0,436817.0
126504.0,75458.0,609401.0,423238.0
126536.0,91390.0,598543.0,423031.0
126610.0,84048.0,609170.0,425975.0
126619.0,84206.0,601742.0,433290.0
126799.0,80471.0,604160.0,428606.0
126825.0,81196.0,602662.0,434863.0
126886.0,87769.0,596578.0,430144.0
126956.0,89355.0,604126.0,440806.0
127084.0,80401.0,598223.0,436626.0
127117.0,83476.0,593344.0,428803.0
127164.0,83042.0,595315.0,421744.0
127203.0,90315.0,603499.0,426602.0
127238.0,83558.0,600974.0,433147.0
127555.0,86537.0,600255.0,436871.0
127562.0,79143.0,605312.0,422573.0
127566.0,90425.0,597584.0,426999.0
127699.0,82650.0,605928.0,430909.0
127702.0,87674.0,604915.0,437274.0
127711.0,77981.0,605527.0,424824.0
127888.0,72337.0,600923.0,434544.0
127981.0,72728.0,587923.0,423794.0
128029.0,76500.0,605231.0,432833.0
128048.0,84177.0,588627.0,430750.0
128176.0,70461.0,593690.0,425347.0
128194.0,77945.0,600480.0,440618.0
128208.0,69988.0,592411.0,423850.0
128227.0,84661.0,590507.0,419139.0
128284.0,85435.0,582803.0,427631.0
128328.0,79381.0,588063.0,428432.0
128389.0,77342.0,595930.0,427722.0
128399.0,77112.0,601463.0,434560.0
128452.0,89640.0,589884.0,436931.0
128480.0,67442.0,598885.0,427782.0
128533.0,75917.0,593242.0,421434.0
128541.0,80234.0,608833.0,421631.0
128556.0,74793.0,599145.0,433548.0
128567.0,79413.0,601079.0,440687.0
128826.0,82393.0,596431.0,431418.0
128837.0,77576.0,607016.0,423197.0
128850.0,78601.0,598629.0,422674.0
128878.0,74869.0,596063.0,423646.0
128902.0,77740.0,610587.0,435852.0
128997.0,81181.0,595156.0,434197.0
129082.0,82058.0,596710.0,432227.0
129086.0,86686.0,607108.0,428325.0
129155.0,77466.0,610502.0,421905.0
129215.0,69371.0,607180.0,427251.0
129230.0,83863.0,598319.0,435009.0
129310.0,72104.0,608977.0,427063.0
129449.0,80752.0,595501.0,429006.0
129465.0,71994.0,603038.0,426004.0
129498.0,87487.0,588561.0,428404.0
129678.0,73994.0,603464.0,427325.0
129773.0,88677.0,601814.0,431682.0
129786.0,63863.0,600339.0,425455.0
129787.0,73747.0,598450.0,435329.0
129867.0,89910.0,596478.0,434960.0
129876.0,80641.0,600542.0,419244.0
129968.0,90426.0,589308.0,426749.0
129982.0,80467.0,596001.0,427134.0
129988.0,76518.0,598758.0,426369.0
130089.0,68297.0,598150.0,436412.0
130099.0,84184.0,610316.0,427864.0
130135.0,84610.0,597238.0,431225.0
130316.0,89331.0,605965.0,419764.0
130416.0,76290.0,586972.0,419231.0
130553.0,87666.0,602471.0,425810.0
130753.0,87760.0,604787.0,424575.0
131120.0,84144.0,597305.0,433212.0
131204.0,85118.0,593233.0,430211.0
131206.0,69311.0,602315.0,422687.0
131250.0,74153.0,596663.0,435218.0
131266.0,87707.0,614086.0,421330.0
131290.0,91033.0,603030.0,431911.0
131297.0,90696.0,592232.0,434284.0
131299.0,81862.0,604317.0,433261.0
131489.0,82941.0,590769.0,432261.0
131866.0,76932.0,589185.0,432610.0
132111.0,72354.0,604149.0,431298.0
132116.0,68036.0,596672.0,442201.0
132147.0,78862.0,592312.0,432741.0
132157.0,82237.0,613963.0,421195.0
132205.0,87839.0,600060.0,418694.0
132270.0,88273.0,599350.0,422524.0
132300.0,75304.0,599014.0,424403.0
132349.0,83496.0,604255.0,429669.0
132349.0,88603.0,590056.0,446844.0
132352.0,86492.0,596223.0,436418.0
132424.0,75552.0,596654.0,422322.0
132586.0,98276.0,585605.0,433560.0
132622.0,84141.0,604487.0,426087.0
132641.0,80708.0,590480.0,417585.0
132646.0,76389.0,599390.0,423032.0
132731.0,77838.0,595758.0,427433.0
132793.0,76722.0,597415.0,426572.0
132861.0,77137.0,599963.0,430360.0
132985.0,72301.0,604416.0,437959.0
133030.0,80042.0,597150.0,425568.0
133265.0,78230.0,610401.0,428218.0
133306.0,85558.0,604027.0,430102.0
133774.0,81402.0,604231.0,429853.0
134045.0,84260.0,609241.0,434871.0
134131.0,81658.0,594905.0,429390.0
134139.0,76836.0,599354.0,444954.0
134179.0,78365.0,604765.0,430411.0
134284.0,83255.0,598067.0,436444.0
134393.0,74135.0,606307.0,428122.0
134482.0,75905.0,597496.0,431164.0
134820.0,84349.0,593083.0,426508.0
134826.0,82004.0,596484.0,425826.0
134930.0,83730.0,603609.0,422546.0
135035.0,82477.0,607596.0,436031.0
136044.0,75939.0,603197.0,424202.0
136202.0,72863.0,591401.0,435740.0
136313.0,82650.0,595443.0,430400.0
136347.0,88676.0,584407.0,422114.0
136464.0,78487.0,595068.0,430140.0
136480.0,82693.0,594467.0,430781.0
136625.0,85594.0,600940.0,439144.0
136719.0,80176.0,601229.0,418557.0
137038.0,72811.0,598924.0,434844.0
137222.0,80877.0,616529.0,425755.0
137691.0,79927.0,600434.0,433195.0
137892.0,77559.0,594357.0,420939.0
137923.0,92386.0,598975.0,429098.0
138057.0,79160.0,604356.0,430928.0
138244.0,81517.0,599914.0,430977.0
139068.0,83014.0,589322.0,417063.0
139180.0,81000.0,596647.0,432151.0
139717.0,81625.0,599122.0,427162.0
139776.0,81452.0,601805.0,426959.0
140301.0,88877.0,600753.0,431650.0
142222.0,80617.0,597040.0,424646.0
142269.0,68413.0,597791.0,435308.0
142992.0,76526.0,607776.0,423281.0
143597.0,79317.0,596243.0,425491.0
144339.0,83180.0,588762.0,428943.0
144994.0,84355.0,608245.0,431183.0
244776.0,26894.0,538640.0,932880.0
246262.0,26254.0,544170.0,945154.0
248197.0,11534.0,545419.0,942897.0
248341.0,13790.0,541671.0,927947.0
249460.0,18691.0,548089.0,943373.0
249534.0,13890.0,552215.0,928841.0
250218.0,28156.0,543394.0,947211.0
250344.0,3468.0,535075.0,948670.0
250811.0,9262.0,550772.0,943198.0
250905.0,12083.0,548167.0,942581.0
251305.0,15466.0,553727.0,928839.0
251343.0,13220.0,555530.0,933705.0
251491.0,21473.0,553467.0,937973.0
251699.0,17020.0,548986.0,938947.0
251709.0,12188.0,547287.0,938576.0
252077.0,23049.0,542409.0,946647.0
252085.0,15862.0,538980.0,941549.0
252099.0,18211.0,544975.0,942611.0
252418.0,13499.0,559852.0,935895.0
252594.0,7460.0,544486.0,950385.0
252630.0,16440.0,558952.0,939328.0
252826.0,14444.0,556799.0,933939.0
252872.0,18846.0,548234.0,931270.0
252959.0,24720.0,545053.0,937749.0
253119.0,25435.0,555224.0,943253.0
253225.0,17019.0,545472.0,938031.0
253708.0,15371.0,541827.0,930581.0
253904.0,10816.0,537967.0,939824.0
253914.0,13584.0,558007.0,936534.0
253924.0,28816.0,557585.0,944681.0
254106.0,13909.0,548885.0,939976.0
254152.0,22678.0,551433.0,934264.0
254157.0,26680.0,542896.0,935288.0
254238.0,19470.0,552142.0,936333.0
254372.0,10471.0,538681.0,934085.0
254482.0,27725.0,550097.0,937607.0
254554.0,26729.0,539502.0,948271.0
254572.0,14157.0,534591.0,926346.0
254623.0,18062.0,548741.0,937373.0
254741.0,27147.0,551093.0,939483.0
254756.0,29635.0,544292.0,933911.0
254950.0,15585.0,539679.0,933301.0
255162.0,11290.0,554893.0,948254.0
255212.0,9509.0,551178.0,938211.0
255212.0,12382.0,542411.0,936611.0
255340.0,13972.0,557440.0,940923.0
255341.0,12282.0,547234.0,937570.0
255381.0,13439.0,535245.0,926030.0
255452.0,26474.0,546707.0,937357.0
255483.0,19914.0,541182.0,934676.0
255737.0,27634.0,547884.0,938520.0
255795.0,23785.0,545302.0,931569.0
255862.0,27762.0,546596.0,947562.0
255876.0,15992.0,538971.0,941323.0
256164.0,31930.0,564522.0,936717.0
256208.0,20129.0,557034.0,934409.0
256282.0,12624.0,548819.0,924669.0
256296.0,14627.0,551864.0,945173.0
256374.0,18514.0,541799.0,941441.0
256511.0,13589.0,543771.0,931993.0
256529.0,13120.0,564502.0,945118.0
256540.0,21919.0,543596.0,944515.0
256670.0,29627.0,550854.0,952037.0
256809.0,10642.0,550916.0,940776.0
256852.0,6892.0,548298.0,934352.0
257002.0,13265.0,552325.0,934376.0
257064.0,16816.0,544293.0,930789.0
257127.0,13163.0,556904.0,937560.0
257347.0,22223.0,556863.0,943850.0
257375.0,15997.0,542665.0,939177.0
257382.0,9369.0,538408.0,935980.0
257397.0,8921.0,538965.0,936612.0
257435.0,11285.0,546233.0,926115.0
257467.0,14801.0,543496.0,942755.0
257473.0,27253.0,542033.0,940522.0
257614.0,14886.0,559964.0,940373.0
257676.0,16627.0,544507.0,934408.0
257690.0,16981.0,558117.0,946289.0
257813.0,19822.0,547023.0,928421.0
257823.0,24574.0,533172.0,952005.0
257889.0,12406.0,539594.0,939942.0
258090.0,22543.0,546784.0,933651.0
258186.0,19503.0,533587.0,937507.0
258195.0,23746.0,549326.0,942036.0
258274.0,15993.0,538842.0,945142.0
258289.0,27921.0,537151.0,940485.0
258304.0,27547.0,536890.0,932128.0
258313.0,14869.0,533430.0,941449.0
258373.0,21883.0,550031.0,950910.0
258435.0,26341.0,545157.0,937045.0
258465.0,18542.0,537433.0,930018.0
258480.0,23817.0,556948.0,937934.0
258722.0,24247.0,544598.0,937556.0
258961.0,25346.0,551209.0,937980.0
259007.0,12482.0,545191.0,941254.0
259085.0,21407.0,554264.0,948126.0
259281.0,22151.0,551490.0,930830.0
259289.0,16163.0,549755.0,943922.0
259348.0,26813.0,552191.0,933640.0
259360.0,21114.0,545130.0,944710.0
259421.0,19192.0,546552.0,942683.0
259434.0,17330.0,545156.0,949348.0
259568.0,14084.0,555418.0,943533.0
259578.0,20628.0,542743.0,937031.0
259717.0,31974.0,540590.0,941097.0
259736.0,22980.0,549330.0,938337.0
259755.0,20629.0,548982.0,947023.0
259782.0,20581.0,535543.0,943151.0
259798.0,20213.0,542785.0,940139.0
259835.0,11386.0,547166.0,931270.0
259888.0,26136.0,546368.0,941396.0
259895.0,11719.0,549188.0,953518.0
259986.0,15864.0,558592.0,935433.0
259995.0,12537.0,547648.0,937920.0
260192.0,14162.0,554412.0,944807.0
260261.0,15959.0,550875.0,935395.0
260307.0,11647.0,544058.0,932149.0
260324.0,21776.0,552987.0,925401.0
260329.0,12967.0,543649.0,933000.0
260361.0,26899.0,536354.0,940086.0
260428.0,20645.0,556580.0,940636.0
260462.0,17397.0,548426.0,944724.0
260469.0,22508.0,551604.0,951958.0
260487.0,19378.0,536213.0,957103.0
260522.0,7401.0,533038.0,928254.0
260627.0,21406.0,546363.0,944772.0
260736.0,9497.0,537067.0,944978.0
260738.0,17630.0,538874.0,940892.0
260757.0,16499.0,549039.0,938139.0
260767.0,20341.0,548090.0,947340.0
260819.0,19493.0,553585.0,932354.0
260878.0,13353.0,555936.0,950321.0
260955.0,13627.0,553831.0,938291.0
260961.0,22968.0,548556.0,933338.0
260991.0,19046.0,546909.0,944349.0
261023.0,27444.0,554765.0,926684.0
261074.0,18169.0,545680.0,944077.0
261096.0,29989.0,546731.0,944662.0
261103.0,25706.0,546683.0,941351.0
261112.0,18454.0,544514.0,932689.0
261228.0,21515.0,540286.0,944553.0
261277.0,23834.0,549999.0,933802.0
261299.0,20489.0,552681.0,929896.0
261368.0,14046.0,549051.0,945839.0
261426.0,21692.0,542040.0,937735.0
261473.0,20632.0,553474.0,944344.0
261476.0,14155.0,551730.0,934574.0
261505.0,21286.0,553655.0,936448.0
261562.0,24772.0,541701.0,940133.0
261633.0,13532.0,541851.0,938859.0
261664.0,20006.0,554955.0,946419.0
261723.0,21270.0,543518.0,948247.0
261763.0,24740.0,542889.0,933049.0
261843.0,19622.0,550016.0,952226.0
261894.0,23731.0,534163.0,948736.0
261898.0,10937.0,552626.0,935706.0
261899.0,24601.0,545035.0,927543.0
261951.0,22050.0,533197.0,934784.0
261972.0,15767.0,546578.0,942273.0
262016.0,26334.0,559851.0,940493.0
262056.0,12787.0,548374.0,938095.0
262122.0,18658.0,537127.0,933591.0
262267.0,20256.0,546998.0,934018.0
262277.0,21753.0,552982.0,943130.0
262278.0,13759.0,549550.0,941960.0
262287.0,18883.0,543125.0,946103.0
262296.0,19471.0,528771.0,940395.0
262350.0,24763.0,551141.0,932244.0
262375.0,22978.0,542842.0,930050.0
262466.0,13855.0,548031.0,929266.0
262581.0,18586.0,548066.0,949165.0
262777.0,21760.0,541789.0,936059.0
262945.0,12352.0,537308.0,930250.0
262948.0,17727.0,545476.0,941716.0
263101.0,23512.0,554358.0,934809.0
263123.0,22268.0,549953.0,937641.0
263217.0,18741.0,529693.0,944745.0
263306.0,17942.0,539485.0,933297.0
263334.0,30098.0,540281.0,941099.0
263371.0,23436.0,543589.0,948371.0
263389.0,15066.0,555940.0,949043.0
263488.0,17604.0,545065.0,945282.0
263541.0,15842.0,542980.0,946053.0
263669.0,13712.0,553463.0,943508.0
263772.0,10373.0,546186.0,937600.0
264015.0,24195.0,535667.0,939977.0
264118.0,10573.0,546500.0,943537.0
264188.0,17272.0,542315.0,935052.0
264192.0,14328.0,542408.0,948055.0
264344.0,6744.0,544819.0,946076.0
264357.0,24939.0,545889.0,929051.0
264430.0,20088.0,550666.0,941166.0
264508.0,23666.0,551207.0,940727.0
264522.0,13741.0,549894.0,933566.0
264545.0,18104.0,550595.0,940409.0
264571.0,13135.0,549655.0,946480.0
264585.0,28096.0,542706.0,931079.0
264867.0,19232.0,547380.0,928586.0
264894.0,15913.0,553411.0,926972.0
264917.0,25328.0,546342.0,936475.0
264919.0,11225.0,538820.0,941088.0
264933.0,20909.0,553935.0,946194.0
264952.0,3886.0,552846.0,939786.0
265254.0,22455.0,538538.0,940884.0
265356.0,20131.0,540890.0,943027.0
265357.0,31820.0,542690.0,934937.0
265359.0,20475.0,539528.0,949290.0
265379.0,19596.0,548425.0,946264.0
265393.0,14867.0,552481.0,939680.0
265409.0,5769.0,546091.0,938338.0
265414.0,17483.0,539646.0,940222.0
265583.0,7350.0,530864.0,946307.0
265616.0,14820.0,547823.0,938892.0
265620.0,20124.0,552822.0,945276.0
265695.0,24516.0,550489.0,937878.0
265794.0,9530.0,542059.0,936385.0
265811.0,19747.0,536714.0,935892.0
265886.0,16876.0,540817.0,939407.0
265966.0,17649.0,545924.0,949202.0
265998.0,20709.0,553870.0,937727.0
266017.0,17266.0,550502.0,949490.0
266020.0,14421.0,552993.0,933512.0
266083.0,27506.0,533854.0,936985.0
266268.0,18573.0,543463.0,942800.0
266348.0,17291.0,549198.0,955032.0
266515.0,11784.0,545624.0,939673.0
266630.0,22318.0,535768.0,940880.0
266656.0,8250.0,540871.0,936276.0
266676.0,15290.0,542353.0,932299.0
266700.0,13395.0,533463.0,930612.0
266739.0,25719.0,543521.0,946468.0
266773.0,31284.0,550102.0,941958.0
266934.0,17592.0,540906.0,943050.0
266943.0,17522.0,553204.0,941668.0
266944.0,23495.0,546288.0,931818.0
267271.0,7712.0,548594.0,937238.0
267344.0,19036.0,546445.0,939564.0
267379.0,12080.0,539588.0,930656.0
267385.0,23322.0,547256.0,947724.0
267429.0,18985.0,541605.0,954879.0
267467.0,27390.0,549566.0,949449.0
267511.0,20775.0,545133.0,933151.0
267591.0,13832.0,546732.0,933744.0
267629.0,1706.0,543397.0,940972.0
267657.0,15979.0,542782.0,938650.0
267874.0,16916.0,553822.0,951756.0
267944.0,13665.0,547141.0,938995.0
267946.0,19792.0,541315.0,938493.0
268020.0,11606.0,537438.0,935347.0
268143.0,22757.0,540814.0,944683.0
268252.0,19292.0,549325.0,940422.0
268526.0,12221.0,544795.0,945076.0
268620.0,14585.0,548619.0,948361.0
268886.0,12381.0,541779.0,938838.0
269034.0,7854.0,550728.0,944312.0
269348.0,22250.0,546557.0,939643.0
269349.0,12776.0,540137.0,944294.0
269357.0,20919.0,544127.0,938834.0
269383.0,19626.0,542644.0,933361.0
269629.0,26152.0,546884.0,932537.0
269670.0,11725.0,551210.0,940845.0
269769.0,5405.0,554862.0,936572.0
269867.0,13966.0,536488.0,938069.0
269875.0,9983.0,553643.0,943464.0
269995.0,19406.0,542546.0,941777.0
270016.0,17153.0,552730.0,933591.0
270083.0,5163.0,547503.0,934954.0
270133.0,8242.0,544884.0,945845.0
270154.0,29218.0,541707.0,936765.0
270190.0,25291.0,546752.0,927427.0
270207.0,9237.0,543867.0,937709.0
270317.0,26870.0,538795.0,955532.0
270359.0,21699.0,539893.0,946534.0
270441.0,11655.0,558812.0,939471.0
270443.0,17526.0,553074.0,947780.0
270670.0,16422.0,553592.0,931927.0
270795.0,14270.0,558522.0,952259.0
270847.0,10852.0,549731.0,945108.0
270917.0,10577.0,542286.0,950416.0
271508.0,18262.0,561425.0,939629.0
272035.0,22957.0,545223.0,948462.0
272395.0,10404.0,542847.0,939525.0
272433.0,19656.0,541916.0,931412.0
272453.0,25910.0,543283.0,936083.0
272595.0,17062.0,542061.0,938982.0
272845.0,21623.0,543372.0,939178.0
273130.0,8880.0,543336.0,945997.0
273536.0,18386.0,548869.0,950692.0
273744.0,28145.0,548776.0,938955.0
273755.0,25967.0,548516.0,936628.0
273934.0,24917.0,559107.0,940655.0
273967.0,19996.0,544620.0,928448.0
274213.0,19847.0,544272.0,946099.0
274544.0,12647.0,542351.0,949084.0
274919.0,24479.0,540320.0,925845.0
275274.0,23038.0,553979.0,941169.0
275715.0,15022.0,537789.0,949054.0
276074.0,14495.0,544955.0,941619.0
277607.0,23077.0,545498.0,939584.0
282171.0,24245.0,540799.0,934677.0
299656.0,0.0,0.0,0.0
351039.0,293766.0,16627.0,266415.0
354692.0,282764.0,16887.0,258995.0
354789.0,291217.0,21192.0,259259.0
355279.0,298476.0,10875.0,253908.0
355994.0,278938.0,25524.0,266098.0
356562.0,295605.0,19932.0,261910.0
356592.0,298245.0,18117.0,252110.0
356613.0,292196.0,23796.0,262737.0
357009.0,286358.0,18079.0,257344.0
357343.0,281380.0,24070.0,268950.0
357371.0,290481.0,23546.0,266586.0
357401.0,288598.0,22076.0,262863.0
357980.0,292342.0,17574.0,254476.0
358225.0,284277.0,23282.0,263244.0
358291.0,297992.0,24521.0,262662.0
358455.0,288727.0,20432.0,257507.0
358492.0,297759.0,25215.0,250138.0
358571.0,291739.0,20915.0,272747.0
358635.0,296874.0,15071.0,267485.0
359027.0,293859.0,22441.0,268326.0
359554.0,287231.0,5272.0,271659.0
359701.0,291062.0,18837.0,260183.0
359786.0,288708.0,17822.0,262769.0
359865.0,290418.0,15932.0,262602.0
359882.0,276870.0,41144.0,254577.0
359907.0,289284.0,11922.0,261229.0
359999.0,294825.0,15267.0,257718.0
360062.0,294863.0,24088.0,260326.0
360173.0,294781.0,19077.0,262427.0
360533.0,284495.0,19785.0,255667.0
360533.0,292013.0,21918.0,263557.0
360564.0,289937.0,16686.0,255152.0
360654.0,293938.0,16334.0,254377.0
360776.0,299160.0,20428.0,260805.0
360931.0,280068.0,20768.0,267440.0
361103.0,291221.0,17159.0,263913.0
361154.0,295377.0,21034.0,269570.0
361195.0,293711.0,8461.0,261027.0
361372.0,295189.0,16886.0,258150.0
361471.0,284186.0,19468.0,271412.0
361574.0,291812.0,16015.0,265014.0
361650.0,289549.0,16384.0,248100.0
361710.0,298827.0,19007.0,261199.0
361953.0,291783.0,12273.0,257652.0
361954.0,288944.0,27228.0,253200.0
362018.0,285108.0,14533.0,255628.0
362056.0,289715.0,2517.0,262019.0
362133.0,268711.0,18388.0,270832.0
362168.0,296207.0,26940.0,259360.0
362412.0,293508.0,23460.0,255086.0
362525.0,287069.0,12703.0,263716.0
362613.0,287813.0,11147.0,268758.0
362694.0,274838.0,25549.0,266234.0
362880.0,289761.0,14631.0,261329.0
362962.0,289511.0,33505.0,255712.0
363107.0,293482.0,23254.0,256014.0
363108.0,286708.0,19808.0,257080.0
363188.0,288669.0,22827.0,260699.0
363215.0,294491.0,12302.0,261331.0
363269.0,281360.0,24525.0,259358.0
363544.0,293490.0,17231.0,252746.0
363647.0,295792.0,15565.0,265242.0
363677.0,289188.0,11249.0,260374.0
363729.0,295187.0,27782.0,251443.0
363745.0,304501.0,16772.0,258011.0
363866.0,298032.0,14561.0,263051.0
363904.0,287325.0,25270.0,249245.0
363950.0,285329.0,16803.0,255328.0
364022.0,289985.0,27030.0,269138.0
364050.0,279174.0,16649.0,263677.0
364159.0,294884.0,17123.0,264973.0
364215.0,278530.0,20573.0,275905.0
364265.0,283464.0,19176.0,265648.0
364271.0,294168.0,17477.0,268553.0
364393.0,294596.0,15093.0,253139.0
364405.0,287016.0,14357.0,268890.0
364566.0,295418.0,15124.0,274257.0
364666.0,288171.0,11008.0,265113.0
364689.0,299713.0,20870.0,271356.0
364806.0,280009.0,34222.0,253467.0
364880.0,285909.0,26317.0,270314.0
364904.0,296452.0,14524.0,264294.0
364916.0,288799.0,3854.0,264096.0
364922.0,290884.0,14748.0,255645.0
365062.0,291736.0,29017.0,261478.0
365200.0,282334.0,16432.0,268207.0
365299.0,293533.0,15640.0,263040.0
365392.0,294631.0,18935.0,256247.0
365412.0,289367.0,14112.0,248968.0
365421.0,300434.0,19208.0,263227.0
365436.0,286963.0,19896.0,263908.0
365513.0,285940.0,16154.0,267655.0
365597.0,291905.0,21206.0,255012.0
365621.0,292667.0,9050.0,250811.0
365668.0,286501.0,12757.0,260193.0
365893.0,292860.0,15491.0,258578.0
365955.0,291614.0,9822.0,267810.0
366002.0,291879.0,22063.0,260131.0
366007.0,292675.0,18397.0,265173.0
366039.0,293276.0,20543.0,254585.0
366081.0,289548.0,21051.0,249634.0
366142.0,293024.0,16456.0,259539.0
366197.0,286884.0,28152.0,264269.0
366263.0,279389.0,33287.0,265819.0
366271.0,299925.0,16607.0,260694.0
366316.0,286524.0,11291.0,263283.0
366422.0,310799.0,21491.0,256967.0
366442.0,292272.0,15623.0,261649.0
366474.0,289959.0,16975.0,268637.0
366524.0,285909.0,16483.0,258880.0
366533.0,287505.0,10413.0,247300.0
366649.0,281754.0,30156.0,253724.0
366655.0,299995.0,16392.0,272695.0
366697.0,289786.0,17804.0,255544.0
366888.0,310927.0,22783.0,263811.0
366932.0,284604.0,17206.0,265603.0
366953.0,290888.0,35179.0,250358.0
367173.0,289348.0,15878.0,256779.0
367185.0,292715.0,18058.0,262540.0
367459.0,294963.0,13586.0,251251.0
367480.0,286762.0,24877.0,255737.0
367540.0,293448.0,19366.0,254758.0
367595.0,298837.0,18213.0,265807.0
367695.0,299816.0,20130.0,261409.0
367700.0,291323.0,19283.0,252807.0
367717.0,282885.0,15847.0,255329.0
367744.0,290639.0,20729.0,264292.0
367758.0,293620.0,24532.0,263294.0
367796.0,290002.0,15595.0,265778.0
367894.0,290285.0,7369.0,269495.0
367941.0,296760.0,26838.0,263028.0
367971.0,295238.0,28423.0,249866.0
367993.0,291793.0,18068.0,261628.0
368003.0,290515.0,24812.0,259832.0
368030.0,284251.0,27031.0,258133.0
368071.0,289987.0,23099.0,266728.0
368087.0,289735.0,25325.0,264525.0
368112.0,290947.0,16602.0,273087.0
368121.0,284988.0,7207.0,250296.0
368170.0,285539.0,12411.0,251308.0
368198.0,294419.0,22921.0,258553.0
368346.0,286914.0,11704.0,266501.0
368347.0,288601.0,15812.0,265182.0
368374.0,287388.0,6748.0,257894.0
368461.0,297339.0,13122.0,258779.0
368483.0,290204.0,15188.0,268875.0
368526.0,288003.0,16868.0,260683.0
368580.0,291030.0,13296.0,249453.0
368620.0,282577.0,14059.0,253607.0
368664.0,289388.0,19040.0,266595.0
368688.0,286038.0,23429.0,249225.0
368748.0,295228.0,15070.0,264396.0
368794.0,289532.0,21618.0,267339.0
368830.0,282837.0,8009.0,263439.0
368872.0,285200.0,18150.0,260082.0
368925.0,301565.0,22120.0,266523.0
368976.0,288641.0,4062.0,265994.0
369007.0,283844.0,22568.0,265313.0
369120.0,289295.0,23557.0,249062.0
369149.0,299555.0,26707.0,253238.0
369162.0,291043.0,27179.0,261375.0
369241.0,288192.0,27779.0,261413.0
369281.0,293685.0,19358.0,271208.0
369298.0,283236.0,25164.0,258126.0
369323.0,273973.0,20073.0,260671.0
369341.0,294512.0,10830.0,258021.0
369503.0,285912.0,11896.0,266442.0
369538.0,276088.0,15597.0,261254.0
369566.0,289247.0,14804.0,263168.0
369585.0,294117.0,26223.0,264304.0
369651.0,300234.0,23421.0,257361.0
369818.0,289992.0,16394.0,255698.0
369842.0,295137.0,25521.0,257523.0
369894.0,294100.0,28479.0,274237.0
369935.0,297027.0,22274.0,256491.0
369948.0,286755.0,22698.0,263566.0
370049.0,289737.0,11533.0,263463.0
370089.0,281350.0,22773.0,262691.0
370104.0,292071.0,13488.0,261516.0
370397.0,300539.0,31444.0,267736.0
370590.0,294087.0,8139.0,257975.0
370606.0,290364.0,31077.0,271017.0
370607.0,288322.0,31714.0,261737.0
370759.0,291608.0,27600.0,261672.0
370851.0,286499.0,23898.0,266279.0
370865.0,283441.0,22945.0,256740.0
370897.0,289638.0,21875.0,258603.0
370924.0,283118.0,26797.0,254274.0
371005.0,281274.0,16623.0,267906.0
371028.0,287978.0,13712.0,262829.0
371038.0,296375.0,23727.0,257484.0
371052.0,297822.0,30715.0,255788.0
371181.0,287689.0,24253.0,262479.0
371191.0,295149.0,18305.0,269714.0
371261.0,298550.0,16521.0,260070.0
371404.0,288951.0,17316.0,255532.0
371465.0,292765.0,14324.0,259717.0
371490.0,289057.0,11629.0,257840.0
371492.0,292195.0,25171.0,262087.0
371615.0,294097.0,10611.0,259544.0
371671.0,299589.0,15786.0,262020.0
371848.0,289342.0,29542.0,257266.0
371885.0,276416.0,13919.0,266688.0
371943.0,287946.0,14920.0,264759.0
371971.0,299757.0,16247.0,264870.0
372000.0,286597.0,21172.0,249433.0
372022.0,282950.0,23024.0,265788.0
372025.0,285854.0,10352.0,268608.0
372260.0,292912.0,18261.0,262586.0
372286.0,300292.0,18564.0,270339.0
372290.0,297234.0,28769.0,265019.0
372327.0,278963.0,19724.0,267630.0
372409.0,303503.0,21563.0,253239.0
372448.0,283393.0,20481.0,265321.0
372540.0,291251.0,24496.0,264169.0
372769.0,284287.0,17283.0,263832.0
372778.0,281148.0,12601.0,269687.0
372932.0,286771.0,27074.0,267522.0
373091.0,296715.0,4379.0,253649.0
373110.0,297383.0,21919.0,265441.0
373133.0,292535.0,10927.0,255807.0
373196.0,295093.0,9618.0,272458.0
373219.0,283871.0,23348.0,255032.0
373221.0,285087.0,17418.0,260812.0
373262.0,292616.0,23178.0,256064.0
373376.0,292780.0,21769.0,265514.0
373393.0,295844.0,19993.0,254767.0
373440.0,292452.0,28576.0,257586.0
373480.0,297797.0,19926.0,260039.0
373486.0,286317.0,23923.0,254720.0
373549.0,293461.0,12046.0,269610.0
373741.0,301424.0,16812.0,254733.0
373767.0,294253.0,15926.0,264265.0
373780.0,303172.0,24450.0,256061.0
373859.0,293387.0,25432.0,261324.0
373867.0,289493.0,29107.0,271047.0
373945.0,297604.0,14494.0,264077.0
373960.0,282807.0,18840.0,256402.0
373996.0,287141.0,23225.0,259699.0
374052.0,282253.0,8888.0,266311.0
374077.0,287726.0,17020.0,267161.0
374225.0,300303.0,20305.0,266417.0
374251.0,289698.0,19679.0,264363.0
374259.0,290886.0,30433.0,263327.0
374453.0,288024.0,16276.0,255856.0
374461.0,291845.0,14789.0,260406.0
374562.0,295918.0,15445.0,273218.0
374588.0,298704.0,7287.0,253443.0
374698.0,289751.0,18115.0,268683.0
374717.0,293107.0,19370.0,269695.0
374870.0,301111.0,16031.0,265540.0
374913.0,293497.0,22292.0,263301.0
375011.0,291796.0,14142.0,252152.0
375054.0,291089.0,12825.0,248695.0
375206.0,279826.0,23848.0,258811.0
375244.0,302390.0,14876.0,262419.0
375368.0,292197.0,8762.0,266196.0
375563.0,300354.0,12706.0,275277.0
375574.0,297994.0,15780.0,265265.0
375667.0,287313.0,11666.0,268083.0
375710.0,290339.0,10515.0,262951.0
375797.0,288553.0,21279.0,266231.0
375800.0,292971.0,29771.0,265190.0
375962.0,289308.0,33451.0,260073.0
376090.0,291272.0,18749.0,248477.0
376163.0,291728.0,19992.0,268924.0
376185.0,291449.0,26526.0,263198.0
376423.0,279674.0,7163.0,267677.0
376485.0,286674.0,17385.0,244846.0
376679.0,291608.0,20730.0,275082.0
376750.0,286231.0,24880.0,263467.0
376963.0,295639.0,18729.0,261540.0
377181.0,290873.0,25871.0,259045.0
377862.0,284103.0,16960.0,256138.0
377958.0,283468.0,29014.0,270062.0
378004.0,291631.0,12770.0,261937.0
378155.0,292610.0,22772.0,271853.0
378202.0,290405.0,12255.0,259163.0
378253.0,289176.0,15783.0,262914.0
378353.0,297535.0,18440.0,261105.0
378625.0,289374.0,4715.0,255894.0
378934.0,292488.0,28311.0,251441.0
379073.0,299478.0,21158.0,270990.0
379167.0,283056.0,16593.0,264705.0
379228.0,292819.0,4562.0,259249.0
379254.0,286326.0,15883.0,269862.0
379345.0,281333.0,25432.0,262249.0
379353.0,285347.0,29238.0,259851.0
380134.0,296187.0,19677.0,266652.0
380213.0,305875.0,21967.0,256892.0
380519.0,287040.0,19942.0,255090.0
380651.0,278227.0,23887.0,252777.0
380818.0,283819.0,13182.0,268425.0
381015.0,286555.0,19631.0,269056.0
381157.0,286959.0,0.0,254301.0
381998.0,282697.0,18824.0,271729.0
382270.0,293205.0,18764.0,260966.0
382666.0,285531.0,21681.0,270054.0
385168.0,292755.0,16741.0,259542.0
389541.0,285422.0,12409.0,267640.0
721012.0,567814.0,274018.0,392538.0
723732.0,561683.0,270033.0,388393.0
724179.0,568802.0,265680.0,389534.0
725285.0,564486.0,275723.0,392788.0
728709.0,561513.0,273630.0,377494.0
728712.0,568253.0,276060.0,387226.0
729580.0,556199.0,277577.0,387226.0
730295.0,556298.0,278084.0,387610.0
732272.0,568907.0,272284.0,388661.0
732607.0,569639.0,282769.0,384133.0
732715.0,571434.0,270221.0,388804.0
732899.0,556630.0,272575.0,388629.0
732964.0,564394.0,268542.0,378279.0
733010.0,567184.0,280560.0,388126.0
733065.0,563258.0,273421.0,384824.0
733138.0,566491.0,260085.0,384906.0
733345.0,566050.0,274318.0,397603.0
733469.0,561737.0,270599.0,398613.0
733602.0,580670.0,269223.0,392278.0
733658.0,568837.0,271475.0,384577.0
733797.0,559091.0,279364.0,387752.0
734166.0,562953.0,262591.0,391473.0
734239.0,553762.0,279727.0,393688.0
734343.0,564107.0,258328.0,397780.0
734543.0,569780.0,274452.0,389936.0
734617.0,568230.0,272153.0,397061.0
734649.0,557286.0,269623.0,384381.0
734838.0,575553.0,277858.0,374402.0
735072.0,550405.0,268294.0,381759.0
735139.0,563311.0,276003.0,386101.0
735179.0,563628.0,287565.0,384437.0
735235.0,556421.0,281419.0,388980.0
735293.0,566046.0,272092.0,384400.0
735301.0,559508.0,271787.0,377588.0
735305.0,566343.0,264660.0,392718.0
735316.0,563858.0,268413.0,383392.0
735385.0,564055.0,279119.0,381696.0
735974.0,569129.0,279418.0,377917.0
736014.0,561316.0,278914.0,380228.0
736072.0,573375.0,272189.0,390309.0
736117.0,561695.0,281690.0,383642.0
736278.0,554399.0,272136.0,381205.0
736411.0,562798.0,280510.0,386036.0
736412.0,559734.0,270674.0,388755.0
736493.0,575750.0,279690.0,384541.0
736529.0,568855.0,268198.0,374408.0
736557.0,554632.0,283313.0,380972.0
736676.0,557934.0,270344.0,404873.0
736928.0,555200.0,271374.0,375748.0
736990.0,553109.0,275014.0,372569.0
737085.0,562000.0,282042.0,390916.0
737296.0,560195.0,266956.0,386576.0
737320.0,560737.0,274692.0,401474.0
737373.0,559107.0,281294.0,383280.0
737461.0,557138.0,281403.0,390896.0
737492.0,561589.0,278527.0,390317.0
737525.0,560864.0,269645.0,383339.0
737535.0,566893.0,261547.0,389182.0
737604.0,568937.0,265297.0,391494.0
737684.0,563589.0,271592.0,389022.0
737778.0,564226.0,265972.0,388070.0
737826.0,578445.0,279741.0,390398.0
737971.0,564648.0,277277.0,392522.0
737993.0,567978.0,277699.0,385564.0
738003.0,563448.0,267675.0,393971.0
738190.0,560316.0,266028.0,399632.0
738255.0,566418.0,273939.0,392380.0
738299.0,576705.0,282390.0,390888.0
738402.0,559663.0,278631.0,388821.0
738511.0,565283.0,268862.0,383080.0
738588.0,561012.0,280761.0,391107.0
738659.0,565212.0,274214.0,393324.0
738670.0,560886.0,262276.0,387796.0
738684.0,558767.0,270486.0,391471.0
738764.0,555416.0,262168.0,395247.0
738789.0,563118.0,264458.0,392118.0
738799.0,566812.0,278774.0,389873.0
738807.0,573619.0,268601.0,375721.0
738946.0,567439.0,269332.0,390169.0
738949.0,553043.0,271624.0,392126.0
738956.0,567887.0,265158.0,384993.0
738976.0,559599.0,260817.0,394740.0
739026.0,553478.0,261515.0,391271.0
739028.0,572349.0,269598.0,382371.0
739192.0,565334.0,274361.0,384282.0
739509.0,561748.0,273031.0,387778.0
739556.0,564172.0,271693.0,388595.0
739693.0,559731.0,270029.0,393639.0
739798.0,571330.0,277329.0,398284.0
739822.0,563426.0,268018.0,380051.0
739835.0,562091.0,278388.0,381786.0
739858.0,559007.0,268958.0,380601.0
739923.0,559217.0,288337.0,388310.0
739936.0,566456.0,274598.0,379843.0
740003.0,554872.0,277824.0,380487.0
740009.0,564844.0,267970.0,389235.0
740078.0,562291.0,261846.0,385118.0
740088.0,568726.0,264228.0,381506.0
740219.0,562735.0,276703.0,393213.0
740312.0,564364.0,272257.0,376181.0
740337.0,559334.0,286976.0,380618.0
740377.0,556661.0,268114.0,384333.0
740416.0,551311.0,270065.0,396308.0
740416.0,566941.0,274935.0,385120.0
740471.0,551152.0,286252.0,378781.0
740558.0,552707.0,282299.0,382630.0
740633.0,555166.0,267165.0,381010.0
740707.0,569908.0,274581.0,384261.0
740737.0,564937.0,268775.0,393778.0
740739.0,564396.0,280704.0,383251.0
740771.0,572060.0,273350.0,381302.0
740776.0,566022.0,274090.0,378645.0
740835.0,582694.0,269039.0,377563.0
740905.0,564048.0,273404.0,390460.0
740922.0,563155.0,266863.0,384646.0
740995.0,559746.0,267224.0,379460.0
741004.0,559904.0,268251.0,393193.0
741203.0,564887.0,275364.0,389817.0
741307.0,561966.0,271646.0,394953.0
741349.0,559695.0,267643.0,386168.0
741444.0,573831.0,263774.0,386174.0
741500.0,564231.0,262741.0,389165.0
741520.0,561525.0,267281.0,380117.0
741632.0,563775.0,282105.0,391260.0
741660.0,571750.0,269188.0,388587.0
741703.0,568270.0,279062.0,375567.0
741832.0,568818.0,270942.0,383608.0
741858.0,565503.0,277220.0,392999.0
741873.0,563381.0,275276.0,383512.0
741979.0,566945.0,274613.0,373947.0
742052.0,552269.0,267697.0,386937.0
742092.0,564857.0,277992.0,393317.0
742111.0,561971.0,279162.0,389354.0
742122.0,565748.0,265705.0,379540.0
742130.0,553577.0,275386.0,393004.0
742156.0,567133.0,273128.0,375150.0
742197.0,569324.0,265382.0,376754.0
742207.0,564665.0,275947.0,383227.0
742264.0,561813.0,270674.0,378306.0
742317.0,561474.0,270933.0,380789.0
742358.0,567010.0,266260.0,393812.0
742456.0,561154.0,273903.0,397382.0
742459.0,567517.0,278368.0,383202.0
742463.0,563699.0,278960.0,382443.0
742485.0,575263.0,273489.0,396333.0
742498.0,569013.0,272967.0,389734.0
742576.0,565574.0,276145.0,398722.0
742585.0,568706.0,275986.0,398291.0
742725.0,572012.0,281075.0,387818.0
742764.0,578080.0,274309.0,381056.0
742803.0,564408.0,275951.0,391040.0
742851.0,564775.0,278810.0,386150.0
742859.0,567602.0,283195.0,390528.0
742966.0,557889.0,269356.0,386435.0
743014.0,559689.0,273785.0,385670.0
743101.0,563934.0,278368.0,391711.0
743117.0,548109.0,268867.0,398034.0
743188.0,578482.0,267720.0,390254.0
743250.0,565305.0,267856.0,387986.0
743264.0,552302.0,276362.0,383534.0
743274.0,564122.0,271222.0,395435.0
743285.0,567594.0,270384.0,394911.0
743307.0,567641.0,272081.0,372025.0
743325.0,559240.0,275699.0,403769.0
743329.0,561461.0,270900.0,385439.0
743377.0,557570.0,270941.0,375682.0
743414.0,567821.0,263941.0,379028.0
743459.0,556265.0,273095.0,378406.0
743496.0,555653.0,281604.0,386404.0
743515.0,569114.0,268748.0,396953.0
743624.0,565443.0,269479.0,388292.0
743794.0,563611.0,274264.0,386745.0
743829.0,564582.0,271342.0,394913.0
743909.0,573659.0,262757.0,385389.0
743937.0,567827.0,265410.0,378270.0
743969.0,568976.0,261069.0,390538.0
744065.0,552111.0,272992.0,387955.0
744181.0,572042.0,267715.0,392284.0
744225.0,571979.0,282801.0,387665.0
744284.0,554666.0,281381.0,386434.0
744337.0,569429.0,275527.0,391274.0
744362.0,574526.0,282818.0,382194.0
744407.0,554560.0,257952.0,388786.0
744410.0,553756.0,286587.0,393634.0
744413.0,563316.0,273458.0,397320.0
744473.0,562044.0,264445.0,376765.0
744580.0,571632.0,276441.0,382519.0
744610.0,565577.0,265909.0,391395.0
744616.0,563815.0,272460.0,385140.0
744628.0,568800.0,282390.0,387354.0
744632.0,562206.0,278814.0,383085.0
744696.0,566038.0,266237.0,389323.0
744716.0,560930.0,266755.0,381013.0
744723.0,559946.0,279137.0,396786.0
744818.0,560333.0,284631.0,387574.0
744917.0,573327.0,276051.0,397012.0
744936.0,561622.0,280121.0,380765.0
744995.0,559116.0,275969.0,387723.0
745100.0,567653.0,260264.0,387155.0
745101.0,575530.0,278688.0,387980.0
745113.0,559643.0,268192.0,385522.0
745140.0,549868.0,274162.0,386389.0
745191.0,565611.0,269211.0,383553.0
745352.0,568477.0,261551.0,399247.0
745386.0,569740.0,271624.0,392414.0
745553.0,560317.0,278743.0,390030.0
745648.0,552718.0,266027.0,390322.0
745660.0,560841.0,277214.0,398525.0
745835.0,568393.0,274137.0,393743.0
745850.0,563872.0,273434.0,383617.0
745854.0,570410.0,270299.0,386421.0
745867.0,560532.0,268923.0,385089.0
745918.0,568736.0,266826.0,396618.0
746002.0,555118.0,262108.0,382679.0
746106.0,556623.0,265909.0,391902.0
746201.0,560467.0,256028.0,381055.0
746297.0,572296.0,267859.0,389552.0
746446.0,562742.0,268064.0,393572.0
746540.0,555180.0,278275.0,381903.0
746560.0,561912.0,283506.0,382886.0
746573.0,560382.0,283508.0,385518.0
746614.0,557478.0,258216.0,392059.0
746634.0,563097.0,273400.0,388123.0
746649.0,559535.0,277425.0,374816.0
746894.0,568738.0,271979.0,395421.0
746969.0,567643.0,280109.0,381465.0
747148.0,566057.0,278383.0,387038.0
747258.0,560686.0,282090.0,389106.0
747261.0,557091.0,268211.0,394395.0
747312.0,566962.0,280093.0,383885.0
747382.0,561059.0,274716.0,396442.0
747448.0,570863.0,267479.0,379306.0
747515.0,578879.0,278712.0,375477.0
747726.0,556491.0,267127.0,383951.0
747792.0,567517.0,273470.0,389125.0
747805.0,570014.0,283909.0,391451.0
747836.0,562103.0,269551.0,393331.0
747912.0,562418.0,267158.0,390347.0
748047.0,578980.0,277743.0,385782.0
748078.0,549633.0,264527.0,394149.0
748146.0,566108.0,271220.0,387248.0
748167.0,558330.0,275455.0,388524.0
748383.0,567994.0,277304.0,391014.0
748446.0,578232.0,275051.0,379254.0
748457.0,554380.0,277076.0,391583.0
748457.0,563774.0,281120.0,386996.0
748474.0,566997.0,277548.0,386380.0
748657.0,560479.0,278428.0,391369.0
748665.0,569064.0,267868.0,386889.0
748680.0,565873.0,280713.0,395241.0
748896.0,557097.0,271514.0,382999.0
748999.0,563669.0,261945.0,398424.0
749239.0,562719.0,270189.0,401105.0
749239.0,566276.0,273051.0,377881.0
749547.0,564084.0,270836.0,387218.0
749761.0,559432.0,267040.0,389839.0
749883.0,579546.0,265608.0,385317.0
749913.0,568555.0,280259.0,385086.0
749955.0,574456.0,285473.0,377070.0
750119.0,569933.0,283280.0,383907.0
750216.0,557254.0,270071.0,390700.0
750377.0,559132.0,267450.0,390476.0
750389.0,558887.0,278202.0,400226.0
750729.0,568800.0,273652.0,385213.0
750836.0,555143.0,274615.0,394577.0
750853.0,561851.0,271290.0,383694.0
751040.0,567160.0,266022.0,390236.0
751144.0,563953.0,261890.0,379920.0
751300.0,563513.0,274764.0,389722.0
751340.0,564617.0,276705.0,400293.0
751344.0,560458.0,275902.0,382502.0
751384.0,562565.0,269312.0,381876.0
751396.0,563927.0,281881.0,386630.0
751423.0,563499.0,278721.0,388076.0
751465.0,561291.0,278894.0,390358.0
751767.0,559251.0,277651.0,386013.0
751937.0,573080.0,268570.0,386045.0
751951.0,566273.0,277810.0,391233.0
752042.0,561764.0,276075.0,387890.0
752129.0,558816.0,266656.0,390974.0
752802.0,556406.0,266325.0,388843.0
752808.0,571041.0,285479.0,393333.0
753049.0,570118.0,275457.0,394814.0
753082.0,562560.0,279922.0,375578.0
753203.0,558843.0,270488.0,390386.0
753231.0,571907.0,276684.0,387390.0
753298.0,557666.0,270144.0,382354.0
753614.0,559295.0,274344.0,400654.0
753801.0,566796.0,270535.0,390258.0
754111.0,569381.0,275105.0,389835.0
755257.0,571118.0,270152.0,386648.0
755290.0,562919.0,270391.0,388482.0
755938.0,566254.0,282802.0,374654.0
756119.0,569878.0,264257.0,390507.0
756259.0,559336.0,277900.0,390970.0
756276.0,560702.0,274516.0,390385.0
757032.0,559914.0,279161.0,398277.0
757376.0,557758.0,271807.0,385684.0
758493.0,579066.0,283987.0,389091.0
759845.0,560668.0,267898.0,384050.0
798730.0,649954.0,669003.0,946063.0
799701.0,640958.0,665410.0,959683.0
801538.0,636507.0,663394.0,952501.0
801943.0,649859.0,672181.0,956036.0
802405.0,649258.0,669431.0,955298.0
802415.0,657267.0,679469.0,957634.0
802461.0,644429.0,673215.0,957796.0
803147.0,650462.0,655007.0,968065.0
803580.0,650160.0,665216.0,963793.0
803830.0,640332.0,676283.0,948177.0
804180.0,642425.0,666586.0,941377.0
804434.0,644697.0,659168.0,956874.0
805517.0,655202.0,676318.0,950707.0
805590.0,645319.0,663653.0,954368.0
806138.0,647557.0,664195.0,942164.0
806349.0,648731.0,669427.0,959253.0
806830.0,646662.0,671439.0,965536.0
807806.0,647077.0,667663.0,959739.0
808257.0,644226.0,669960.0,947672.0
808567.0,656262.0,674063.0,955915.0
808740.0,655021.0,674818.0,944127.0
808904.0,652244.0,674759.0,956922.0
808914.0,649282.0,672269.0,948833.0
809038.0,661135.0,662299.0,955041.0
809039.0,659207.0,670125.0,956079.0
809067.0,659539.0,665775.0,950138.0
809198.0,644181.0,667418.0,955634.0
809277.0,649438.0,672875.0,953441.0
809319.0,652654.0,667734.0,955090.0
809749.0,648399.0,662170.0,964397.0
809820.0,642865.0,679608.0,969557.0
810108.0,652311.0,680559.0,954202.0
810120.0,658954.0,663073.0,947346.0
810140.0,651898.0,658660.0,945921.0
810256.0,656840.0,659059.0,957655.0
810289.0,661796.0,663993.0,957611.0
810442.0,646112.0,667001.0,950868.0
810732.0,659762.0,662847.0,965369.0
810797.0,647648.0,667569.0,954103.0
811243.0,655284.0,677754.0,956250.0
811267.0,647266.0,682584.0,944217.0
811268.0,653399.0,670772.0,955193.0
811300.0,641674.0,672662.0,951832.0
811486.0,659745.0,679351.0,954057.0
811531.0,645872.0,663229.0,953270.0
811915.0,646463.0,672483.0,950679.0
811978.0,662922.0,661006.0,955272.0
811986.0,649089.0,675278.0,950354.0
812135.0,649452.0,667538.0,962922.0
812279.0,648729.0,665186.0,951683.0
812487.0,649171.0,671274.0,972371.0
812899.0,641938.0,679573.0,960809.0
812912.0,662168.0,667187.0,959258.0
812973.0,647197.0,666133.0,952086.0
812989.0,649027.0,670355.0,966957.0
812998.0,658046.0,667540.0,948242.0
813092.0,658164.0,662501.0,951942.0
813104.0,640350.0,678136.0,949947.0
813204.0,651093.0,671643.0,954327.0
813236.0,649245.0,670786.0,950496.0
813362.0,643630.0,678982.0,957151.0
813436.0,646346.0,666672.0,951534.0
813485.0,661791.0,669890.0,952360.0
813573.0,648678.0,677123.0,940378.0
813654.0,647349.0,669328.0,950974.0
813772.0,655107.0,674087.0,943859.0
813776.0,652818.0,671555.0,963860.0
813783.0,646449.0,671267.0,951040.0
813863.0,658651.0,675508.0,960477.0
813974.0,646826.0,678980.0,962134.0
813999.0,656143.0,670843.0,959670.0
814032.0,644704.0,654342.0,959888.0
814170.0,639022.0,678934.0,968714.0
814200.0,657930.0,679101.0,957284.0
814240.0,656795.0,676210.0,944621.0
814357.0,639641.0,666424.0,957031.0
814426.0,647209.0,671686.0,948085.0
814545.0,647908.0,672750.0,954323.0
814619.0,653553.0,683642.0,946305.0
814626.0,641550.0,680374.0,960126.0
814650.0,648489.0,672958.0,961579.0
814664.0,641065.0,675279.0,966797.0
814726.0,649984.0,668464.0,953183.0
814763.0,648676.0,655320.0,952001.0
814810.0,648956.0,675096.0,960175.0
814852.0,639715.0,675261.0,956516.0
814868.0,640021.0,669012.0,957442.0
814974.0,645296.0,665060.0,951811.0
815007.0,645353.0,672669.0,956479.0
815127.0,651765.0,670800.0,964973.0
815228.0,650978.0,671458.0,950746.0
815379.0,644605.0,676515.0,960658.0
815462.0,650430.0,672345.0,954065.0
815546.0,663605.0,662101.0,944299.0
815662.0,634791.0,672452.0,949473.0
815760.0,649058.0,666148.0,961560.0
815808.0,661725.0,666106.0,948487.0
815841.0,641704.0,670071.0,963795.0
815955.0,643635.0,673288.0,952081.0
815968.0,650384.0,669791.0,950976.0
816046.0,653888.0,669520.0,953542.0
816048.0,650919.0,673812.0,956878.0
816114.0,652519.0,665441.0,959104.0
816154.0,650569.0,673583.0,960829.0
816260.0,654297.0,665951.0,958052.0
816322.0,649015.0,668049.0,951420.0
816598.0,642404.0,668902.0,963659.0
816613.0,650022.0,660550.0,949198.0
816631.0,667625.0,677515.0,945552.0
816657.0,643083.0,666977.0,951035.0
816702.0,660172.0,679950.0,953772.0
816802.0,652712.0,664281.0,949447.0
816873.0,657930.0,669839.0,948523.0
816887.0,652046.0,667009.0,955684.0
816899.0,651105.0,664408.0,955550.0
816923.0,648654.0,658197.0,957404.0
816925.0,649977.0,669299.0,951876.0
816947.0,664508.0,661368.0,962408.0
817030.0,645012.0,664359.0,950904.0
817069.0,650488.0,661517.0,953780.0
817080.0,658792.0,663907.0,949554.0
817143.0,656608.0,675332.0,946557.0
817180.0,649656.0,667848.0,964381.0
817279.0,651167.0,676333.0,955274.0
817362.0,660091.0,653786.0,955479.0
817432.0,656371.0,662833.0,954721.0
817442.0,650890.0,663257.0,961144.0
817494.0,650046.0,678877.0,956835.0
817512.0,643286.0,666751.0,956758.0
817519.0,648225.0,663973.0,959750.0
817561.0,644821.0,670131.0,962015.0
817584.0,641513.0,674272.0,960125.0
817645.0,650294.0,676085.0,957189.0
817685.0,647331.0,660581.0,946508.0
817722.0,648723.0,668822.0,970639.0
817740.0,660053.0,674026.0,955881.0
817759.0,644007.0,665350.0,956537.0
817815.0,650490.0,664889.0,949453.0
817844.0,634325.0,672004.0,951848.0
817891.0,644152.0,672572.0,958900.0
817900.0,663024.0,674697.0,961316.0
817987.0,644129.0,656842.0,959411.0
818240.0,652572.0,663254.0,954737.0
818262.0,650110.0,671097.0,951029.0
818330.0,648440.0,661391.0,942178.0
818340.0,652129.0,673545.0,953847.0
818531.0,642792.0,658468.0,963638.0
818536.0,643360.0,674346.0,960314.0
818548.0,653354.0,674612.0,960498.0
818670.0,647179.0,663190.0,953663.0
818813.0,650720.0,666465.0,952332.0
818826.0,645118.0,669922.0,960975.0
818833.0,647883.0,674601.0,964359.0
818844.0,659391.0,673274.0,939974.0
818901.0,651840.0,684046.0,946595.0
818943.0,647478.0,669339.0,963317.0
818946.0,658717.0,675127.0,953811.0
818966.0,635115.0,670826.0,955891.0
819008.0,645389.0,668725.0,956083.0
819063.0,634291.0,674594.0,959627.0
819075.0,649706.0,666646.0,950917.0
819094.0,645136.0,662951.0,950509.0
819118.0,649375.0,675579.0,955608.0
819180.0,645989.0,675143.0,964534.0
819194.0,649838.0,667669.0,941973.0
819286.0,636289.0,667555.0,959733.0
819319.0,646547.0,673382.0,954600.0
819323.0,643301.0,674879.0,955077.0
819324.0,647354.0,682506.0,941931.0
819411.0,656343.0,676867.0,948463.0
819462.0,653487.0,662612.0,952631.0
819500.0,651836.0,679702.0,949694.0
819527.0,649690.0,675687.0,957419.0
819590.0,632447.0,657628.0,955503.0
819617.0,658644.0,670366.0,963517.0
819653.0,648593.0,682215.0,953829.0
819680.0,653497.0,664339.0,950589.0
819705.0,645855.0,682789.0,952302.0
819726.0,645135.0,667105.0,959155.0
819768.0,653543.0,666445.0,950920.0
819812.0,649369.0,677738.0,958151.0
819856.0,646131.0,673489.0,952467.0
819948.0,652476.0,670880.0,963432.0
820129.0,645682.0,666612.0,953276.0
820139.0,650616.0,667204.0,957167.0
820165.0,650559.0,665915.0,952935.0
820174.0,652616.0,665040.0,955886.0
820181.0,646084.0,676992.0,967260.0
820186.0,645997.0,667636.0,942012.0
820228.0,652181.0,665570.0,960338.0
820262.0,652707.0,668823.0,950962.0
820301.0,645338.0,669323.0,942326.0
820310.0,650952.0,664448.0,957474.0
820352.0,651059.0,672176.0,955701.0
820455.0,654644.0,668538.0,952085.0
820495.0,644698.0,665268.0,958959.0
820545.0,638740.0,677305.0,953450.0
820613.0,651021.0,677736.0,957360.0
820641.0,657245.0,666379.0,959015.0
820653.0,652199.0,660674.0,958142.0
820716.0,643120.0,669873.0,957490.0
820815.0,641380.0,666763.0,951752.0
820825.0,643290.0,665576.0,949356.0
820921.0,658051.0,660352.0,959804.0
820942.0,655367.0,666907.0,955695.0
821047.0,652507.0,680062.0,954083.0
821064.0,640336.0,679189.0,955351.0
821072.0,634342.0,663964.0,950256.0
821087.0,645601.0,672492.0,967168.0
821324.0,660787.0,662221.0,959051.0
821367.0,643258.0,655079.0,959947.0
821426.0,639360.0,665408.0,949567.0
821441.0,649016.0,674540.0,966052.0
821579.0,654411.0,677124.0,953626.0
821596.0,646340.0,672851.0,960033.0
821692.0,661882.0,670270.0,954072.0
821834.0,649990.0,668842.0,948031.0
821839.0,646186.0,665390.0,950540.0
821894.0,655556.0,673808.0,947462.0
821921.0,653236.0,656764.0,953750.0
822009.0,650979.0,669680.0,950431.0
822071.0,656383.0,670441.0,942725.0
822076.0,654591.0,671492.0,952033.0
822160.0,643541.0,680886.0,959237.0
822184.0,663598.0,669197.0,960485.0
822201.0,649515.0,679891.0,939352.0
822224.0,646680.0,669945.0,950953.0
822286.0,652446.0,670314.0,953370.0
822312.0,648788.0,669074.0,955895.0
822439.0,658870.0,663049.0,950031.0
822466.0,646192.0,681630.0,947200.0
822543.0,651762.0,662646.0,958354.0
822707.0,649548.0,664462.0,954508.0
822784.0,643032.0,669958.0,960560.0
822827.0,653402.0,664603.0,950577.0
822833.0,649799.0,678061.0,957620.0
822872.0,651215.0,666250.0,977778.0
823048.0,650059.0,656843.0,950778.0
823085.0,651395.0,674820.0,958062.0
823090.0,643186.0,658463.0,956237.0
823211.0,648029.0,666225.0,955285.0
823282.0,645922.0,671294.0,960207.0
823297.0,647528.0,665530.0,965994.0
823393.0,646334.0,676289.0,962756.0
823566.0,650303.0,660417.0,959358.0
823590.0,638604.0,671547.0,948233.0
823782.0,656435.0,673559.0,956625.0
823798.0,651547.0,670890.0,952045.0
823798.0,658745.0,666736.0,947438.0
823869.0,658622.0,674015.0,952105.0
824056.0,655312.0,660550.0,951165.0
824098.0,640555.0,689181.0,949212.0
824156.0,653603.0,671730.0,951039.0
824267.0,659579.0,671467.0,959560.0
824540.0,656972.0,672714.0,948206.0
824546.0,648631.0,670874.0,967918.0
824590.0,653081.0,670845.0,949251.0
824654.0,655712.0,664216.0,963347.0
824734.0,653674.0,666790.0,956494.0
824983.0,642377.0,666721.0,949427.0
824995.0,645257.0,679646.0,937397.0
825019.0,635645.0,674580.0,952629.0
825058.0,643942.0,664561.0,963145.0
825111.0,641974.0,678100.0,948957.0
825132.0,649941.0,671005.0,945689.0
825238.0,642728.0,678919.0,941415.0
825363.0,661704.0,664497.0,958035.0
825445.0,634177.0,662867.0,962872.0
825454.0,643423.0,685542.0,948904.0
826296.0,650235.0,675588.0,964881.0
826311.0,644888.0,672913.0,956161.0
826489.0,641645.0,679290.0,957507.0
826662.0,648500.0,663551.0,961429.0
826838.0,654771.0,664288.0,952173.0
826841.0,649946.0,670566.0,951694.0
827063.0,651523.0,653883.0,955947.0
827521.0,646669.0,670059.0,943480.0
827581.0,652089.0,656099.0,958529.0
827997.0,653719.0,662809.0,961693.0
828044.0,641609.0,671262.0,965518.0
828214.0,654804.0,682481.0,956385.0
828386.0,648044.0,672737.0,960336.0
828612.0,639735.0,676738.0,947720.0
828735.0,650186.0,674931.0,965215.0
828982.0,639906.0,663710.0,959857.0
829097.0,648680.0,667198.0,956668.0
829271.0,648577.0,665966.0,956341.0
829658.0,653893.0,664914.0,957393.0
830457.0,653460.0,668462.0,947751.0
830555.0,653819.0,661537.0,957424.0
830851.0,640978.0,669093.0,946501.0
830865.0,646129.0,679557.0,956510.0
831058.0,642381.0,678178.0,953733.0
831265.0,652472.0,673645.0,952282.0
831601.0,645769.0,678110.0,958965.0
832117.0,642073.0,665353.0,939223.0
832121.0,653859.0,673123.0,952742.0
833228.0,653504.0,675054.0,952526.0
833615.0,660047.0,671070.0,960347.0
834430.0,911332.0,851399.0,973123.0
834613.0,657805.0,668333.0,948759.0
835318.0,897241.0,856327.0,980044.0
835454.0,900227.0,855316.0,982043.0
838477.0,899904.0,864315.0,973628.0
838932.0,911398.0,858100.0,974006.0
839194.0,915778.0,851093.0,975012.0
839442.0,895036.0,853789.0,981890.0
840279.0,910930.0,857752.0,980545.0
840324.0,911950.0,848593.0,974425.0
840410.0,911098.0,850417.0,984248.0
840876.0,898126.0,860935.0,972477.0
841366.0,914116.0,857273.0,986403.0
841562.0,913761.0,848004.0,969232.0
841624.0,903302.0,848224.0,974334.0
841730.0,908048.0,844667.0,980813.0
841823.0,910548.0,860781.0,982467.0
841982.0,920703.0,850002.0,974733.0
842001.0,906147.0,855047.0,976108.0
842522.0,921711.0,855802.0,977640.0
842534.0,902373.0,854718.0,971725.0
842554.0,908427.0,856229.0,979834.0
842615.0,897687.0,855383.0,978798.0
842669.0,917308.0,847859.0,988695.0
842738.0,889738.0,849117.0,978927.0
842933.0,904182.0,848631.0,970953.0
843141.0,908716.0,857782.0,983335.0
843189.0,914584.0,851396.0,978760.0
843431.0,906887.0,861938.0,966600.0
843688.0,897289.0,852414.0,969719.0
843749.0,907979.0,859701.0,983283.0
843986.0,918422.0,855520.0,978656.0
844303.0,909062.0,856382.0,975856.0
844312.0,918339.0,855282.0,983873.0
844625.0,898613.0,848654.0,974364.0
844791.0,907717.0,849643.0,970876.0
845061.0,914496.0,862349.0,978984.0
845135.0,898943.0,858796.0,981674.0
845147.0,903724.0,853027.0,974870.0
845253.0,902986.0,859489.0,978117.0
845409.0,917406.0,854350.0,974798.0
845464.0,920481.0,849014.0,966056.0
845535.0,908671.0,859089.0,973512.0
846005.0,902675.0,844914.0,971601.0
846010.0,901151.0,846409.0,981401.0
846059.0,905209.0,844651.0,987394.0
846089.0,906802.0,855503.0,977259.0
846103.0,910846.0,858457.0,988188.0
846150.0,905681.0,836386.0,969346.0
846152.0,902343.0,845509.0,983555.0
846224.0,901778.0,845386.0,968569.0
846243.0,905644.0,848643.0,975503.0
846248.0,909266.0,851786.0,966400.0
846290.0,902546.0,850620.0,975073.0
846372.0,908785.0,853223.0,971099.0
846433.0,908276.0,864179.0,983912.0
846452.0,903550.0,852749.0,974542.0
846477.0,916078.0,851527.0,977018.0
846544.0,912295.0,851526.0,974446.0
846609.0,898858.0,848792.0,979032.0
846808.0,904141.0,851860.0,978284.0
846831.0,898915.0,845349.0,971655.0
846943.0,909269.0,847294.0,979892.0
847010.0,900427.0,848777.0,970581.0
847029.0,906031.0,860757.0,968886.0
847047.0,918031.0,848601.0,976078.0
847123.0,913345.0,857662.0,973790.0
847163.0,904404.0,859996.0,985579.0
847166.0,901538.0,850962.0,980121.0
847219.0,910794.0,851851.0,984997.0
847311.0,908693.0,846711.0,973885.0
847337.0,910820.0,851618.0,974351.0
847337.0,914296.0,857283.0,963655.0
847411.0,900392.0,856235.0,987174.0
847431.0,912882.0,845777.0,972302.0
847630.0,900670.0,844530.0,969275.0
847655.0,908961.0,858519.0,977143.0
847758.0,915520.0,857344.0,973997.0
847784.0,901310.0,855206.0,968106.0
847792.0,905535.0,852363.0,978558.0
847823.0,895694.0,844384.0,974879.0
847830.0,907681.0,847080.0,974573.0
847986.0,912775.0,850098.0,988837.0
848048.0,904172.0,865698.0,978918.0
848063.0,911579.0,866660.0,983038.0
848086.0,905735.0,856874.0,982709.0
848090.0,902615.0,842675.0,976790.0
848107.0,899815.0,853590.0,978029.0
848117.0,892463.0,844887.0,978078.0
848238.0,902882.0,846714.0,978492.0
848263.0,909501.0,848977.0,984235.0
848297.0,906741.0,849976.0,978858.0
848341.0,911222.0,848816.0,981675.0
848349.0,913304.0,852777.0,976153.0
848387.0,906893.0,851087.0,974315.0
848587.0,905529.0,856337.0,970865.0
848611.0,913099.0,852028.0,983668.0
848631.0,910271.0,850290.0,976664.0
848687.0,892044.0,853406.0,980273.0
848770.0,895146.0,859206.0,972423.0
848781.0,910298.0,846561.0,978396.0
848796.0,916074.0,846024.0,985907.0
848929.0,901674.0,854454.0,978129.0
849092.0,903096.0,843932.0,972873.0
849096.0,906040.0,850685.0,968171.0
849174.0,899830.0,857506.0,976018.0
849356.0,907060.0,857792.0,972345.0
849464.0,896170.0,853607.0,972051.0
849528.0,901546.0,860304.0,977676.0
849529.0,906723.0,860868.0,979455.0
849573.0,912250.0,849813.0,978249.0
849590.0,895684.0,851943.0,975795.0
849615.0,910175.0,861602.0,973684.0
849855.0,900244.0,854666.0,991934.0
849893.0,913473.0,857907.0,976626.0
849969.0,909960.0,850389.0,966362.0
849980.0,908993.0,848474.0,971930.0
850102.0,911719.0,853853.0,983579.0
850240.0,908102.0,848615.0,979450.0
850243.0,911013.0,859774.0,975315.0
850305.0,904668.0,852495.0,980192.0
850328.0,913545.0,851183.0,969169.0
850416.0,914620.0,851897.0,980150.0
850443.0,907069.0,846427.0,969050.0
850474.0,912411.0,844589.0,976677.0
850497.0,908093.0,850679.0,977643.0
850594.0,921261.0,857259.0,975380.0
850618.0,905394.0,856540.0,975216.0
850658.0,906110.0,859146.0,979269.0
850695.0,912905.0,854164.0,967638.0
850807.0,903187.0,854130.0,983043.0
850843.0,899251.0,858044.0,978037.0
850955.0,914225.0,856720.0,976994.0
851029.0,906890.0,849851.0,975678.0
851107.0,907475.0,859716.0,973950.0
851117.0,905282.0,851489.0,979386.0
851123.0,910363.0,844830.0,964848.0
851147.0,913171.0,855072.0,977085.0
851317.0,904127.0,850909.0,977026.0
851392.0,907080.0,860172.0,983814.0
851394.0,898559.0,852348.0,977608.0
851531.0,907130.0,837239.0,970818.0
851532.0,900488.0,844564.0,981201.0
851538.0,914110.0,849164.0,981916.0
851565.0,909302.0,852208.0,982676.0
851690.0,903578.0,852489.0,970832.0
851691.0,901370.0,864956.0,987019.0
851698.0,910893.0,854124.0,970267.0
851725.0,915310.0,855428.0,977424.0
851774.0,893559.0,853542.0,980403.0
851775.0,908907.0,860321.0,964582.0
851785.0,909613.0,847260.0,980730.0
851832.0,903390.0,849512.0,981992.0
851880.0,911652.0,852733.0,976189.0
851989.0,900221.0,837631.0,977825.0
852007.0,915346.0,846925.0,987247.0
852014.0,909043.0,841168.0,978444.0
852044.0,904261.0,846885.0,968507.0
852119.0,922824.0,861749.0,974862.0
852211.0,903062.0,846183.0,968819.0
852220.0,909997.0,856814.0,981648.0
852289.0,911437.0,861292.0,981700.0
852389.0,901003.0,852234.0,965913.0
852389.0,904555.0,865247.0,974591.0
852407.0,898410.0,853122.0,973630.0
852430.0,912828.0,854970.0,981103.0
852487.0,912019.0,860152.0,972600.0
852562.0,899340.0,860452.0,977669.0
852636.0,912809.0,860690.0,976398.0
852637.0,899691.0,845987.0,976545.0
852645.0,913984.0,848518.0,979936.0
852650.0,901679.0,852315.0,975314.0
852752.0,902769.0,855600.0,972778.0
852753.0,908671.0,864751.0,979027.0
852757.0,912800.0,850735.0,976526.0
852761.0,909013.0,839261.0,979655.0
852810.0,901425.0,840556.0,975604.0
852867.0,904425.0,860453.0,971891.0
852872.0,906605.0,863522.0,987440.0
852910.0,907342.0,860129.0,977681.0
852947.0,913599.0,857044.0,975797.0
853076.0,903023.0,851239.0,979749.0
853154.0,896432.0,859557.0,986459.0
853234.0,906142.0,850893.0,987007.0
853287.0,904427.0,856291.0,966705.0
853325.0,897989.0,859102.0,985930.0
853332.0,905118.0,845217.0,978650.0
853383.0,911702.0,849928.0,984195.0
853441.0,906397.0,837812.0,977675.0
853536.0,893685.0,855270.0,976152.0
853555.0,913549.0,850336.0,972401.0
853773.0,906496.0,854496.0,969456.0
853935.0,910334.0,851156.0,978013.0
853979.0,906020.0,847564.0,965637.0
853997.0,902003.0,846132.0,975514.0
854005.0,913726.0,851596.0,976366.0
854049.0,900868.0,845535.0,983152.0
854118.0,915314.0,850266.0,973238.0
854153.0,903875.0,848205.0,970991.0
854243.0,910661.0,850104.0,982267.0
854287.0,906304.0,849501.0,986103.0
854292.0,900049.0,850313.0,979152.0
854325.0,914176.0,850088.0,968630.0
854327.0,904350.0,863668.0,983040.0
854346.0,907996.0,852083.0,980658.0
854382.0,905006.0,859379.0,974565.0
854418.0,896267.0,846275.0,979156.0
854486.0,904211.0,845684.0,980020.0
854519.0,901973.0,855647.0,971188.0
854669.0,898726.0,856041.0,975604.0
854738.0,912272.0,853718.0,981595.0
854909.0,901569.0,857251.0,972483.0
854941.0,905661.0,849753.0,982041.0
854963.0,906311.0,852919.0,987209.0
854963.0,910130.0,849567.0,964337.0
854981.0,910084.0,856025.0,977821.0
854988.0,900930.0,857336.0,975115.0
855003.0,905763.0,844879.0,973951.0
855044.0,904976.0,855178.0,968374.0
855203.0,900404.0,860775.0,974419.0
855219.0,909154.0,851337.0,976982.0
855325.0,906746.0,859780.0,990742.0
855331.0,900767.0,852403.0,974761.0
855339.0,908760.0,844080.0,972698.0
855466.0,899434.0,857612.0,982825.0
855498.0,905397.0,839154.0,972319.0
855612.0,897293.0,852364.0,977850.0
855639.0,900963.0,852001.0,982729.0
855695.0,906224.0,855464.0,970478.0
855852.0,905656.0,869180.0,970030.0
856131.0,899529.0,840442.0,977264.0
856225.0,897757.0,850705.0,983944.0
856252.0,902066.0,848660.0,969029.0
856325.0,896380.0,844399.0,979493.0
856377.0,909340.0,844947.0,985320.0
856482.0,914106.0,849256.0,969972.0
856636.0,909241.0,854809.0,972281.0
856668.0,899271.0,855909.0,971934.0
856837.0,908212.0,844209.0,965418.0
856862.0,908372.0,851841.0,973356.0
856943.0,914522.0,849111.0,964374.0
857048.0,908198.0,860716.0,976589.0
857168.0,917544.0,847590.0,978023.0
857184.0,900920.0,845558.0,988670.0
857201.0,907143.0,862048.0,970585.0
857327.0,900283.0,863788.0,972620.0
857365.0,906535.0,845140.0,992429.0
857371.0,909017.0,850980.0,967680.0
857585.0,900147.0,855583.0,977250.0
857691.0,905282.0,847025.0,981691.0
857749.0,895824.0,849408.0,982685.0
857771.0,904281.0,856891.0,978347.0
857830.0,912266.0,850884.0,978876.0
857896.0,902359.0,853311.0,975396.0
857900.0,910562.0,858020.0,971092.0
858042.0,908168.0,850332.0,975628.0
858061.0,903263.0,850905.0,971239.0
858261.0,912633.0,863219.0,971007.0
858271.0,911497.0,856896.0,962539.0
858280.0,904887.0,864614.0,989442.0
858343.0,919750.0,847415.0,974547.0
858345.0,913342.0,843311.0,974482.0
858481.0,894907.0,854685.0,970426.0
858502.0,905470.0,853530.0,980746.0
858508.0,911580.0,847943.0,978162.0
858576.0,895972.0,850996.0,974321.0
858632.0,906508.0,853467.0,965275.0
858798.0,907839.0,856158.0,972125.0
859689.0,894609.0,849634.0,980117.0
859814.0,908371.0,857752.0,986695.0
860011.0,899773.0,849806.0,972081.0
860151.0,914999.0,852513.0,975260.0
860284.0,909969.0,852353.0,963123.0
860436.0,902640.0,861626.0,980859.0
860457.0,914029.0,858282.0,970501.0
860547.0,904976.0,863463.0,978143.0
860558.0,909599.0,858209.0,972286.0
860685.0,905034.0,857896.0,975594.0
860757.0,899462.0,844124.0,981725.0
861074.0,909417.0,856501.0,975988.0
861137.0,913421.0,849150.0,971310.0
861231.0,905669.0,851751.0,971931.0
861448.0,900182.0,857852.0,984663.0
861808.0,903938.0,856275.0,973291.0
862327.0,896579.0,851237.0,972600.0
862604.0,902793.0,850469.0,986082.0
862631.0,903932.0,856403.0,975098.0
862774.0,904979.0,842184.0,973641.0
862886.0,898757.0,846497.0,980194.0
863253.0,905987.0,851339.0,970740.0
863521.0,907663.0,850826.0,981892.0
864080.0,906251.0,855680.0,970521.0
864154.0,906246.0,847733.0,978188.0
864478.0,915127.0,856745.0,979237.0
864701.0,913467.0,856802.0,972777.0
865152.0,899087.0,857156.0,973950.0
867652.0,906656.0,850576.0,971254.0
867801.0,910097.0,862880.0,965707.0
868231.0,898386.0,850726.0,975670.0
869316.0,913509.0,858127.0,973062.0
870175.0,904422.0,856840.0,981779.0
885620.0,856609.0,745799.0,76372.0
887868.0,864971.0,755409.0,79429.0
887916.0,862125.0,762037.0,71507.0
890477.0,859283.0,752684.0,65709.0
890501.0,854058.0,767417.0,75087.0
890746.0,866887.0,755449.0,79908.0
891838.0,854814.0,747288.0,86270.0
891839.0,862055.0,760510.0,78925.0
892020.0,865205.0,748635.0,80660.0
892261.0,862497.0,773551.0,73245.0
892352.0,867976.0,751629.0,74522.0
892654.0,857640.0,761102.0,83980.0
892964.0,855580.0,764754.0,76077.0
893337.0,854534.0,751478.0,68536.0
893602.0,848907.0,755831.0,70870.0
893732.0,861037.0,748982.0,84453.0
893751.0,847599.0,748574.0,79791.0
894044.0,857498.0,754249.0,82756.0
894172.0,853538.0,764455.0,79338.0
894304.0,871289.0,762283.0,79656.0
894376.0,851152.0,753605.0,84991.0
894756.0,854255.0,757240.0,77343.0
895173.0,846765.0,759652.0,69842.0
895241.0,858159.0,766389.0,84120.0
895424.0,857655.0,744744.0,84576.0
895452.0,861845.0,754157.0,68282.0
895473.0,865224.0,748808.0,79061.0
895487.0,853107.0,750840.0,77484.0
895540.0,852158.0,763522.0,64260.0
895606.0,852075.0,758689.0,68944.0
895792.0,857316.0,751769.0,62303.0
895930.0,866388.0,745623.0,83775.0
896155.0,855108.0,765672.0,76817.0
896222.0,871252.0,753837.0,71347.0
896376.0,864813.0,756179.0,74384.0
896569.0,856993.0,755794.0,82160.0
896576.0,871277.0,753827.0,69947.0
896671.0,865375.0,761861.0,76458.0
896754.0,864439.0,759371.0,65258.0
896792.0,856484.0,755285.0,82608.0
896823.0,854606.0,764130.0,77324.0
896948.0,859970.0,758909.0,76870.0
896975.0,859617.0,767911.0,76422.0
897108.0,867230.0,757279.0,77414.0
897136.0,848522.0,763087.0,76026.0
897587.0,860782.0,751152.0,71471.0
897704.0,854643.0,753487.0,72637.0
897768.0,851115.0,752186.0,75547.0
897882.0,862731.0,764061.0,72015.0
897946.0,854047.0,748558.0,78838.0
897949.0,861352.0,762127.0,71316.0
898262.0,869243.0,750922.0,73275.0
898273.0,848575.0,760330.0,75344.0
898332.0,852247.0,760137.0,76589.0
898345.0,849134.0,749959.0,69155.0
898582.0,853604.0,748371.0,73079.0
898582.0,865679.0,756098.0,75308.0
898606.0,860166.0,767088.0,74734.0
898620.0,849396.0,747565.0,77665.0
898622.0,850135.0,762510.0,69633.0
898648.0,857774.0,767298.0,80746.0
898742.0,876203.0,756278.0,78919.0
898961.0,851877.0,756650.0,69734.0
899097.0,856986.0,756449.0,70739.0
899309.0,842264.0,749042.0,73850.0
899408.0,854388.0,757379.0,77494.0
899417.0,855767.0,762422.0,83465.0
899493.0,845438.0,757348.0,76140.0
899574.0,854980.0,756578.0,73156.0
899645.0,850018.0,754627.0,75889.0
899736.0,857599.0,756862.0,71740.0
899805.0,860048.0,749925.0,81162.0
899849.0,857298.0,755328.0,81564.0
899854.0,864128.0,757381.0,85020.0
899873.0,860941.0,761372.0,73411.0
899949.0,866809.0,753298.0,84236.0
900002.0,858429.0,756615.0,71362.0
900197.0,857649.0,756672.0,76055.0
900299.0,853942.0,758755.0,74811.0
900326.0,867018.0,754803.0,81605.0
900357.0,854152.0,755222.0,77905.0
900394.0,854211.0,757581.0,83384.0
900447.0,849745.0,761371.0,72679.0
900462.0,870110.0,769790.0,77434.0
900515.0,856930.0,746329.0,81043.0
900516.0,854598.0,760405.0,72074.0
900521.0,864161.0,760338.0,66814.0
900539.0,853802.0,756334.0,78373.0
900627.0,856159.0,752809.0,68419.0
900657.0,854725.0,767531.0,66957.0
900879.0,865580.0,767651.0,66176.0
900897.0,862327.0,768168.0,73423.0
900937.0,849055.0,761100.0,68382.0
900937.0,863951.0,753666.0,85885.0
901045.0,850915.0,753149.0,85513.0
901060.0,856802.0,752687.0,71894.0
901073.0,864656.0,765706.0,78425.0
901101.0,853299.0,759391.0,74717.0
901164.0,861424.0,753573.0,77138.0
901203.0,862096.0,758568.0,81989.0
901265.0,851657.0,756893.0,78552.0
901282.0,851562.0,765455.0,79512.0
901287.0,865190.0,759837.0,77680.0
901326.0,857622.0,752163.0,81137.0
901330.0,859109.0,773264.0,66372.0
901552.0,859942.0,767804.0,63091.0
901630.0,859300.0,756023.0,72547.0
901633.0,861980.0,756739.0,76705.0
901639.0,863765.0,757082.0,66924.0
901700.0,869249.0,758896.0,81120.0
901703.0,861202.0,761117.0,75164.0
901704.0,863860.0,751272.0,62622.0
901849.0,852657.0,762186.0,79619.0
901874.0,860692.0,760607.0,80339.0
901985.0,858907.0,759268.0,79704.0
902046.0,866379.0,750856.0,66824.0
902068.0,863957.0,755629.0,81687.0
902137.0,861140.0,758116.0,74450.0
902155.0,850972.0,757231.0,74053.0
902193.0,852566.0,751586.0,76075.0
902195.0,862847.0,764088.0,76466.0
902202.0,861184.0,758943.0,73556.0
902332.0,864460.0,756046.0,86016.0
902333.0,864908.0,757224.0,88205.0
902337.0,858407.0,762133.0,78039.0
902788.0,864030.0,756664.0,82680.0
902837.0,845588.0,746521.0,80313.0
902837.0,853506.0,745002.0,74302.0
902981.0,878809.0,758057.0,80010.0
903143.0,863838.0,762988.0,76400.0
903244.0,863998.0,761076.0,84706.0
903247.0,843392.0,746687.0,81112.0
903261.0,857726.0,759162.0,78030.0
903414.0,852106.0,763082.0,69569.0
903424.0,855145.0,751040.0,79985.0
903433.0,855907.0,755984.0,81227.0
903436.0,863807.0,747544.0,93742.0
903457.0,861218.0,749779.0,85219.0
903500.0,865804.0,761263.0,86790.0
903600.0,849924.0,759788.0,69103.0
903608.0,866366.0,751981.0,63695.0
903624.0,859821.0,762269.0,83265.0
903630.0,858878.0,768135.0,69169.0
903638.0,861343.0,753050.0,66076.0
903720.0,854783.0,759101.0,80889.0
903727.0,849710.0,757424.0,71690.0
903760.0,852044.0,768160.0,70615.0
903785.0,867039.0,755254.0,77071.0
903846.0,863050.0,756487.0,86289.0
903849.0,846648.0,756592.0,84906.0
903972.0,866313.0,763213.0,68194.0
903985.0,863454.0,761326.0,79711.0
904035.0,850509.0,753440.0,66896.0
904226.0,851444.0,744463.0,85277.0
904237.0,868193.0,740726.0,72414.0
904247.0,850565.0,764844.0,82064.0
904290.0,863151.0,751544.0,78509.0
904295.0,861583.0,745635.0,74898.0
904347.0,854876.0,759588.0,76158.0
904419.0,857291.0,761022.0,68405.0
904433.0,860515.0,762812.0,92205.0
904491.0,857594.0,752140.0,86269.0
904505.0,853355.0,761825.0,76332.0
904569.0,855953.0,755540.0,69318.0
904616.0,863644.0,751923.0,73008.0
904650.0,861043.0,760976.0,86078.0
904660.0,857283.0,758827.0,86428.0
904675.0,853607.0,757119.0,72035.0
904703.0,854002.0,765739.0,77210.0
904752.0,857244.0,759273.0,70583.0
904951.0,855249.0,756347.0,74561.0
905072.0,869843.0,754694.0,80698.0
905084.0,864397.0,761672.0,78107.0
905193.0,853314.0,754404.0,67589.0
905236.0,867604.0,754522.0,84426.0
905309.0,854346.0,767441.0,69872.0
905319.0,858892.0,756056.0,87630.0
905589.0,859362.0,767749.0,67540.0
905624.0,855316.0,750841.0,67871.0
905632.0,849115.0,769224.0,76847.0
905634.0,859100.0,757457.0,76521.0
905674.0,851282.0,752884.0,84829.0
905698.0,859019.0,747154.0,79328.0
905713.0,855221.0,761273.0,95505.0
905761.0,853060.0,748935.0,63638.0
905839.0,859615.0,757925.0,73979.0
905935.0,864454.0,753645.0,72065.0
905969.0,860563.0,755569.0,80849.0
906239.0,866011.0,764024.0,70635.0
906417.0,853012.0,755717.0,70948.0
906421.0,866405.0,749935.0,86919.0
906481.0,860907.0,760309.0,79636.0
906561.0,859815.0,760573.0,76506.0
906756.0,859718.0,761079.0,77320.0
906786.0,858798.0,757087.0,74089.0
906875.0,859712.0,738719.0,66723.0
906926.0,862431.0,753879.0,80187.0
906935.0,858266.0,761893.0,80604.0
906941.0,858794.0,749397.0,79509.0
906963.0,867079.0,757538.0,75611.0
906988.0,855387.0,755386.0,80834.0
907156.0,855462.0,757905.0,82879.0
907162.0,868573.0,765115.0,76575.0
907179.0,869243.0,758381.0,67556.0
907181.0,856057.0,768108.0,75963.0
907185.0,864040.0,743343.0,80525.0
907265.0,854261.0,762831.0,68211.0
907268.0,858786.0,758726.0,70537.0
907310.0,863005.0,763886.0,85482.0
907321.0,854640.0,760658.0,70501.0
907477.0,857416.0,757617.0,76508.0
907533.0,852487.0,754519.0,76498.0
907843.0,860225.0,760974.0,67105.0
907845.0,863637.0,758152.0,86181.0
907890.0,861721.0,768240.0,77967.0
907990.0,861777.0,755382.0,77156.0
908060.0,857741.0,759057.0,80162.0
908099.0,858949.0,743532.0,75834.0
908114.0,855304.0,743751.0,71508.0
908125.0,851796.0,753830.0,75711.0
908130.0,861650.0,765244.0,89460.0
908248.0,862083.0,754467.0,79067.0
908291.0,859388.0,757781.0,84557.0
908311.0,860676.0,767850.0,85938.0
908405.0,861925.0,757198.0,85034.0
908409.0,854754.0,748820.0,75063.0
908420.0,858344.0,754005.0,70188.0
908457.0,873934.0,763707.0,76646.0
908482.0,858430.0,751654.0,69174.0
908517.0,862244.0,757291.0,72831.0
908607.0,854987.0,748982.0,75908.0
908614.0,850300.0,761828.0,77632.0
908622.0,862196.0,763800.0,83252.0
908636.0,856645.0,742287.0,68887.0
908666.0,859283.0,751280.0,87289.0
908777.0,852493.0,745697.0,66049.0
908810.0,855553.0,755874.0,66474.0
908850.0,858529.0,756649.0,77541.0
908868.0,872675.0,751325.0,78828.0
908994.0,866273.0,755284.0,73595.0
909157.0,854746.0,755511.0,71816.0
909180.0,846091.0,762257.0,86424.0
909413.0,866422.0,768221.0,69478.0
909428.0,856540.0,752238.0,85267.0
909505.0,867331.0,746911.0,80938.0
909530.0,853651.0,759215.0,79722.0
909537.0,863007.0,743662.0,70962.0
909707.0,873720.0,760760.0,86862.0
909775.0,861411.0,748155.0,78703.0
909812.0,854351.0,752578.0,83406.0
909830.0,846046.0,756412.0,71849.0
910003.0,865522.0,761541.0,66483.0
910089.0,862395.0,762524.0,82710.0
910108.0,851961.0,758279.0,79524.0
910173.0,861776.0,751660.0,75237.0
910296.0,866261.0,752055.0,76801.0
910392.0,856763.0,768348.0,74224.0
910746.0,866271.0,758826.0,71687.0
910801.0,860885.0,753804.0,71973.0
910866.0,867138.0,762510.0,79049.0
910867.0,861247.0,762574.0,68010.0
911046.0,853758.0,754227.0,67274.0
911165.0,856207.0,760652.0,79541.0
911265.0,857323.0,753398.0,60529.0
911285.0,858205.0,741395.0,75850.0
911373.0,866019.0,752860.0,78183.0
911445.0,861056.0,764977.0,72830.0
911644.0,858026.0,755458.0,73578.0
911678.0,858107.0,747792.0,76312.0
911715.0,849024.0,752980.0,75818.0
912065.0,857964.0,751289.0,78000.0
912244.0,856037.0,759692.0,65757.0
912266.0,854742.0,754836.0,78495.0
912280.0,863081.0,772450.0,80865.0
912563.0,868197.0,765019.0,63295.0
912919.0,865520.0,755814.0,78082.0
913063.0,858116.0,755625.0,80374.0
913194.0,862704.0,753203.0,74923.0
913699.0,857324.0,752953.0,70580.0
914234.0,869192.0,760030.0,74593.0
914393.0,858573.0,759885.0,74319.0
914611.0,861813.0,750366.0,82304.0
914753.0,873026.0,758900.0,74589.0
915100.0,857693.0,748061.0,83544.0
915311.0,861722.0,757007.0,80641.0
915474.0,865309.0,750298.0,82581.0
915506.0,859503.0,763181.0,88511.0
915701.0,860993.0,759759.0,75883.0
915925.0,867896.0,759625.0,72573.0
915941.0,862113.0,760564.0,70577.0
916370.0,859497.0,761833.0,62928.0
916467.0,864120.0,760925.0,68489.0
917345.0,868379.0,766799.0,70314.0
917413.0,850479.0,778170.0,75067.0
918015.0,852122.0,758798.0,79933.0
918172.0,869375.0,763979.0,79045.0
918433.0,867075.0,755411.0,80253.0
919429.0,852785.0,757385.0,70810.0
921755.0,856912.0,761039.0,84240.0
925288.0,851383.0,762726.0,78548.0
940480.0,931912.0,770665.0,328636.0
940521.0,933169.0,761303.0,312100.0
941328.0,945800.0,759981.0,320356.0
941849.0,940304.0,773293.0,318400.0
942293.0,947198.0,752654.0,332398.0
942332.0,950865.0,764814.0,324595.0
942573.0,943406.0,763205.0,318291.0
942584.0,942050.0,777764.0,329684.0
942790.0,942725.0,758853.0,331679.0
943449.0,945369.0,765589.0,327681.0
943756.0,941811.0,775680.0,325421.0
943772.0,950730.0,763328.0,334189.0
943963.0,944109.0,761431.0,334118.0
944065.0,936146.0,759246.0,324455.0
944092.0,945718.0,760138.0,328700.0
944238.0,943083.0,765684.0,323852.0
944729.0,943740.0,766276.0,319406.0
945151.0,957934.0,767972.0,327941.0
945483.0,946392.0,765439.0,334680.0
945507.0,941649.0,767103.0,321161.0
945511.0,956705.0,768677.0,320442.0
945568.0,946418.0,758084.0,320662.0
945671.0,940676.0,778246.0,318290.0
945757.0,942168.0,771056.0,324854.0
946019.0,950913.0,763433.0,326920.0
946092.0,947846.0,776805.0,332585.0
946199.0,953052.0,766390.0,331983.0
946248.0,947999.0,774524.0,337556.0
946305.0,943643.0,768313.0,325101.0
946317.0,946756.0,773230.0,317133.0
946505.0,948431.0,770558.0,321935.0
946524.0,950087.0,753761.0,329485.0
946607.0,942729.0,760784.0,331420.0
946699.0,947391.0,764469.0,328386.0
946846.0,944418.0,751410.0,326930.0
946907.0,946437.0,760957.0,319006.0
946927.0,945116.0,769082.0,313670.0
946962.0,948570.0,774782.0,324787.0
946974.0,949838.0,778792.0,321131.0
947040.0,933564.0,769240.0,327813.0
947050.0,938742.0,777606.0,320618.0
947058.0,965982.0,761484.0,322850.0
947178.0,958481.0,767661.0,323305.0
947280.0,952951.0,768993.0,319572.0
947311.0,944524.0,764740.0,323499.0
947363.0,937446.0,765012.0,333073.0
947482.0,934667.0,773200.0,332286.0
947642.0,950023.0,765962.0,308458.0
947714.0,943562.0,762775.0,332349.0
947862.0,945559.0,771440.0,323264.0
948060.0,954174.0,764586.0,324632.0
948196.0,939019.0,773891.0,319041.0
948291.0,955570.0,773021.0,310053.0
948292.0,955428.0,767318.0,319119.0
948411.0,936570.0,761332.0,328163.0
948411.0,944387.0,766524.0,323477.0
948539.0,943806.0,764343.0,311023.0
948604.0,946381.0,768120.0,325455.0
948801.0,945611.0,772761.0,319420.0
948897.0,939927.0,756776.0,323983.0
948923.0,954040.0,772517.0,332083.0
948992.0,942246.0,771457.0,324566.0
949223.0,950982.0,762170.0,321985.0
949273.0,948436.0,773323.0,322566.0
949291.0,951489.0,769266.0,325649.0
949316.0,942344.0,760665.0,327832.0
949359.0,946618.0,762638.0,331862.0
949379.0,943698.0,760560.0,334769.0
949477.0,943928.0,771505.0,327019.0
949496.0,940847.0,779999.0,321903.0
949604.0,946773.0,767451.0,331045.0
949613.0,946321.0,771367.0,329747.0
949720.0,942319.0,754288.0,329066.0
949841.0,944344.0,775067.0,332268.0
949915.0,955994.0,782276.0,328921.0
949986.0,935864.0,782681.0,325152.0
950008.0,950454.0,760730.0,317584.0
950040.0,938175.0,756361.0,320920.0
950096.0,937021.0,765449.0,324550.0
950128.0,944512.0,766230.0,322360.0
950188.0,959265.0,767089.0,325266.0
950231.0,945934.0,771234.0,327740.0
950342.0,944809.0,760885.0,329914.0
950345.0,944302.0,762540.0,326930.0
950400.0,952584.0,762666.0,323506.0
950550.0,952629.0,768659.0,335677.0
950643.0,943065.0,769836.0,334352.0
950644.0,955922.0,764805.0,319761.0
950687.0,950140.0,771738.0,316490.0
950692.0,950544.0,756377.0,334028.0
950790.0,949049.0,768286.0,326218.0
950822.0,947207.0,764174.0,321351.0
950836.0,943123.0,761428.0,321343.0
950842.0,955813.0,762385.0,329967.0
950847.0,954640.0,768763.0,324200.0
950999.0,939573.0,773918.0,329825.0
951011.0,941494.0,775083.0,331698.0
951044.0,942102.0,773498.0,325211.0
951066.0,950573.0,765101.0,325328.0
951133.0,960479.0,758458.0,333652.0
951169.0,948464.0,763587.0,336463.0
951302.0,945010.0,773325.0,320660.0
951351.0,949888.0,765623.0,320037.0
951481.0,950852.0,768217.0,328356.0
951491.0,949354.0,759942.0,334287.0
951504.0,958518.0,759966.0,326209.0
951549.0,941414.0,774943.0,318042.0
951735.0,947628.0,760103.0,329321.0
951778.0,952382.0,768682.0,337252.0
951848.0,950999.0,770212.0,323713.0
951873.0,951044.0,763209.0,327351.0
951942.0,949018.0,759004.0,336407.0
952041.0,955329.0,763076.0,332735.0
952047.0,947150.0,767510.0,335125.0
952060.0,954326.0,762866.0,333898.0
952074.0,943910.0,761978.0,326961.0
952084.0,942791.0,770050.0,314502.0
952096.0,929127.0,769426.0,327585.0
952122.0,950583.0,764576.0,323444.0
952159.0,945885.0,765778.0,336662.0
952169.0,943906.0,773002.0,328368.0
952298.0,946644.0,764539.0,313824.0
952353.0,938746.0,767199.0,322398.0
952383.0,942522.0,774366.0,314185.0
952492.0,948489.0,763256.0,319236.0
952520.0,934494.0,768384.0,323021.0
952559.0,939771.0,766213.0,333104.0
952647.0,953432.0,769223.0,328223.0
952662.0,947207.0,771259.0,328469.0
952878.0,944300.0,770036.0,331886.0
952985.0,943672.0,766636.0,325179.0
953038.0,946604.0,771643.0,330319.0
953049.0,943030.0,768261.0,329008.0
953059.0,938588.0,776381.0,322843.0
953059.0,945301.0,778929.0,324353.0
953152.0,937780.0,755839.0,327916.0
953155.0,954549.0,767387.0,333132.0
953157.0,949836.0,764753.0,330270.0
953265.0,950936.0,766452.0,323533.0
953290.0,962669.0,765200.0,333810.0
953309.0,946037.0,762166.0,321388.0
953326.0,947390.0,771095.0,317449.0
953329.0,946706.0,770193.0,326635.0
953358.0,951111.0,763200.0,323865.0
953434.0,947763.0,768581.0,335476.0
953532.0,945938.0,769807.0,319142.0
953549.0,943364.0,760175.0,329764.0
953640.0,947006.0,763581.0,328973.0
953684.0,937995.0,770665.0,328522.0
953870.0,946447.0,773076.0,326704.0
953872.0,944215.0,766407.0,324851.0
953943.0,949183.0,765984.0,320646.0
953970.0,939127.0,767055.0,323023.0
953993.0,942295.0,776603.0,334144.0
954039.0,946437.0,768133.0,335619.0
954113.0,945322.0,770770.0,329356.0
954132.0,946200.0,770225.0,327535.0
954145.0,946657.0,767212.0,334212.0
954147.0,939958.0,761613.0,331693.0
954182.0,946138.0,766539.0,330496.0
954328.0,946847.0,761694.0,332596.0
954374.0,939525.0,766312.0,333837.0
954389.0,936506.0,769490.0,325968.0
954536.0,949653.0,770130.0,332046.0
954575.0,933718.0,764172.0,338121.0
954689.0,948087.0,758334.0,327408.0
954692.0,941482.0,769395.0,328951.0
954816.0,943478.0,759330.0,338525.0
955048.0,947103.0,759140.0,335521.0
955064.0,936785.0,768761.0,328506.0
955071.0,945434.0,764205.0,339236.0
955096.0,952596.0,764246.0,320977.0
955137.0,952193.0,756686.0,325105.0
955179.0,950633.0,778883.0,317964.0
955182.0,941371.0,759692.0,342613.0
955194.0,940987.0,772357.0,330071.0
955200.0,948171.0,773265.0,333090.0
955293.0,937293.0,760085.0,330183.0
955346.0,935175.0,768255.0,328822.0
955350.0,944909.0,777544.0,329784.0
955367.0,938126.0,774795.0,322783.0
955388.0,955762.0,771712.0,328230.0
955469.0,943191.0,770590.0,322324.0
955568.0,956539.0,770154.0,327042.0
955737.0,955582.0,753316.0,316328.0
955764.0,941856.0,767724.0,321305.0
955787.0,943858.0,763182.0,330910.0
955847.0,946069.0,776150.0,332749.0
955870.0,937645.0,768121.0,324141.0
955876.0,947414.0,781636.0,319702.0
955894.0,947987.0,774188.0,328070.0
955921.0,934448.0,763462.0,328957.0
955930.0,941846.0,763844.0,332676.0
955931.0,952894.0,773068.0,325611.0
955991.0,953760.0,763255.0,323678.0
956037.0,942800.0,769249.0,322367.0
956241.0,949461.0,768781.0,317654.0
956351.0,933588.0,757182.0,325837.0
956417.0,943891.0,773509.0,338668.0
956429.0,945207.0,773001.0,311687.0
956492.0,933175.0,761574.0,334518.0
956513.0,935801.0,776439.0,320223.0
956585.0,935151.0,773670.0,333661.0
956590.0,954511.0,777909.0,330519.0
956635.0,944930.0,772864.0,334721.0
956663.0,956021.0,766266.0,326808.0
956715.0,943042.0,757851.0,323544.0
956760.0,956997.0,765967.0,318820.0
956800.0,953615.0,765964.0,325729.0
956800.0,953989.0,767928.0,327074.0
956812.0,948423.0,770094.0,331747.0
956858.0,954008.0,754980.0,323530.0
956941.0,938943.0,768781.0,324135.0
956969.0,949508.0,768141.0,329363.0
957001.0,944745.0,755057.0,317020.0
957034.0,942965.0,774282.0,331696.0
957048.0,936256.0,771901.0,317434.0
957068.0,942905.0,763376.0,314579.0
957073.0,934006.0,759618.0,337929.0
957108.0,950784.0,771457.0,326815.0
957191.0,924203.0,764426.0,330061.0
957302.0,935575.0,758453.0,326262.0
957313.0,943669.0,767059.0,315244.0
957407.0,947275.0,755606.0,318456.0
957466.0,938829.0,764342.0,319127.0
957602.0,949284.0,766834.0,323033.0
957628.0,940820.0,775912.0,324355.0
957642.0,952652.0,777882.0,321296.0
957882.0,938722.0,777617.0,328712.0
958104.0,953256.0,768065.0,335071.0
958128.0,949207.0,775678.0,323564.0
958130.0,951345.0,780054.0,326073.0
958275.0,946143.0,762258.0,333412.0
958328.0,953076.0,767926.0,319677.0
958335.0,950765.0,768634.0,320197.0
958346.0,945755.0,758923.0,331332.0
958451.0,953187.0,767363.0,323176.0
958485.0,950145.0,764921.0,323504.0
958498.0,946275.0,767701.0,342517.0
958527.0,941329.0,772429.0,331118.0
958635.0,946265.0,757926.0,312451.0
958680.0,950808.0,765171.0,340062.0
958687.0,948696.0,770430.0,331507.0
958732.0,948625.0,765573.0,327438.0
958915.0,937715.0,763001.0,333187.0
958949.0,937944.0,764849.0,330909.0
959077.0,946305.0,761588.0,326206.0
959112.0,944694.0,773542.0,326800.0
959151.0,944303.0,760685.0,325976.0
959162.0,946812.0,763517.0,325825.0
959387.0,939825.0,767620.0,325564.0
959452.0,955593.0,756865.0,340541.0
959535.0,956445.0,764371.0,330373.0
959563.0,943302.0,772805.0,321817.0
959651.0,963213.0,768204.0,318979.0
959753.0,944666.0,779763.0,334409.0
959785.0,945645.0,772963.0,334057.0
959807.0,947614.0,760468.0,344177.0
959911.0,958734.0,769222.0,322353.0
959995.0,949748.0,752152.0,327584.0
960138.0,953746.0,759606.0,315871.0
960435.0,932564.0,753173.0,326865.0
960487.0,939076.0,760604.0,324082.0
960555.0,937362.0,768828.0,326099.0
960757.0,948871.0,759707.0,325835.0
960860.0,940580.0,764474.0,326085.0
960869.0,942788.0,768363.0,335362.0
960910.0,941638.0,767731.0,331581.0
961042.0,954010.0,766632.0,337009.0
961224.0,947903.0,757946.0,335284.0
961311.0,941061.0,761074.0,332114.0
961330.0,945700.0,767467.0,331954.0
961408.0,947256.0,770229.0,325292.0
961409.0,946144.0,770721.0,325614.0
961608.0,948406.0,763122.0,327283.0
962052.0,940736.0,771641.0,325767.0
962302.0,948998.0,766793.0,343193.0
962349.0,954083.0,769716.0,334460.0
962674.0,952611.0,767237.0,327215.0
962704.0,939547.0,769632.0,316461.0
962792.0,951024.0,771494.0,325200.0
963037.0,941140.0,762197.0,327082.0
963106.0,943563.0,771460.0,333328.0
963272.0,944098.0,764688.0,337667.0
963524.0,941861.0,760615.0,328250.0
963554.0,581908.0,414877.0,465949.0
964121.0,942534.0,765260.0,324255.0
964388.0,947824.0,769667.0,327766.0
964471.0,940182.0,763688.0,318815.0
964480.0,941931.0,771346.0,328673.0
964511.0,960255.0,767924.0,325585.0
964573.0,960167.0,773739.0,318950.0
964833.0,950409.0,766958.0,324978.0
964877.0,948528.0,758062.0,314670.0
965874.0,946568.0,772614.0,318576.0
965905.0,572757.0,410825.0,465966.0
966823.0,956735.0,768846.0,328239.0
967214.0,585527.0,407267.0,453838.0
967244.0,945944.0,765962.0,318803.0
967501.0,574997.0,408367.0,466498.0
967605.0,945551.0,772280.0,326088.0
968206.0,572173.0,412050.0,466275.0
968298.0,578966.0,403863.0,449253.0
968536.0,574197.0,411794.0,460564.0
969000.0,580927.0,418785.0,461775.0
969123.0,952440.0,765406.0,325040.0
970371.0,571519.0,416624.0,459587.0
970469.0,948422.0,756598.0,330674.0
970594.0,572257.0,408942.0,475743.0
971173.0,949809.0,764843.0,333287.0
971590.0,580090.0,407160.0,471763.0
972390.0,575500.0,406481.0,461931.0
972680.0,572814.0,396466.0,469850.0
972843.0,578944.0,409110.0,464615.0
973282.0,577609.0,412973.0,464848.0
973502.0,574753.0,421289.0,461001.0
973528.0,587311.0,411511.0,468049.0
973545.0,585495.0,411076.0,466502.0
973548.0,590054.0,413707.0,462024.0
973601.0,564635.0,402013.0,466629.0
973744.0,579595.0,415489.0,443149.0
973756.0,571300.0,414986.0,465909.0
973869.0,587316.0,407684.0,469863.0
973926.0,580634.0,408802.0,461948.0
973935.0,562701.0,405748.0,457894.0
974051.0,571583.0,415796.0,463427.0
974116.0,578974.0,409445.0,464770.0
974232.0,581547.0,411366.0,457111.0
974461.0,575959.0,416993.0,459002.0
974508.0,575861.0,418721.0,463675.0
974533.0,582447.0,396849.0,468664.0
974545.0,583900.0,396734.0,465447.0
974608.0,566151.0,414747.0,467014.0
974742.0,580657.0,407867.0,459946.0
974898.0,570733.0,409006.0,450986.0
974901.0,577022.0,408587.0,463757.0
974936.0,575030.0,416843.0,470049.0
975017.0,580331.0,414735.0,469573.0
975100.0,572195.0,419652.0,459835.0
975377.0,585663.0,412538.0,463453.0
975487.0,576426.0,407866.0,467103.0
975589.0,568048.0,394772.0,463834.0
975703.0,585622.0,412673.0,461425.0
975875.0,575143.0,402170.0,452742.0
976005.0,575404.0,416868.0,466173.0
976019.0,566894.0,411117.0,446918.0
976041.0,575613.0,415080.0,469879.0
976166.0,568273.0,408029.0,464147.0
976371.0,588221.0,414341.0,460142.0
976407.0,578630.0,407129.0,463515.0
976472.0,570073.0,403773.0,458051.0
976476.0,575238.0,406825.0,462687.0
976523.0,576877.0,417844.0,469463.0
976570.0,575553.0,406946.0,454449.0
976732.0,576733.0,416255.0,468186.0
976776.0,580437.0,405393.0,466437.0
976785.0,576352.0,411898.0,469688.0
976917.0,576192.0,413251.0,465461.0
976988.0,578977.0,413548.0,460667.0
976999.0,580218.0,403848.0,455933.0
977126.0,572222.0,414466.0,470392.0
977161.0,589005.0,410718.0,464480.0
977192.0,581845.0,408123.0,476160.0
977226.0,579397.0,413629.0,463903.0
977330.0,580907.0,409720.0,469341.0
977448.0,573950.0,421305.0,469011.0
977523.0,580799.0,406241.0,479426.0
977638.0,577958.0,403970.0,460388.0
977665.0,585093.0,420627.0,459648.0
977787.0,573714.0,428823.0,464412.0
977828.0,583901.0,416395.0,464446.0
977946.0,574061.0,400154.0,461364.0
977963.0,570346.0,411636.0,458389.0
978025.0,578756.0,418383.0,460948.0
978033.0,587023.0,415465.0,448352.0
978034.0,585113.0,409362.0,451486.0
978087.0,583910.0,412427.0,461657.0
978115.0,576870.0,404660.0,460634.0
978148.0,562045.0,424075.0,449792.0
978188.0,577872.0,404494.0,478734.0
978191.0,580863.0,423286.0,468674.0
978349.0,578079.0,413488.0,461774.0
978391.0,563140.0,411251.0,464463.0
978442.0,579800.0,411024.0,473161.0
978546.0,582991.0,412228.0,460840.0
978548.0,576108.0,409414.0,465979.0
978571.0,574844.0,413606.0,460571.0
978573.0,565894.0,412829.0,465552.0
978581.0,590547.0,406034.0,458546.0
978585.0,589629.0,400748.0,469547.0
978600.0,597929.0,400824.0,458305.0
978740.0,573070.0,412527.0,464569.0
978765.0,574773.0,413042.0,471006.0
978831.0,580988.0,418811.0,460598.0
978909.0,574110.0,412408.0,461959.0
978958.0,580359.0,420179.0,470167.0
979023.0,574355.0,400572.0,468998.0
979039.0,570643.0,404812.0,484027.0
979085.0,586964.0,430722.0,458744.0
979093.0,578908.0,419603.0,460321.0
979102.0,575183.0,413420.0,466055.0
979106.0,580101.0,420814.0,458981.0
979106.0,580596.0,406467.0,462777.0
979108.0,574931.0,407724.0,470643.0
979186.0,584813.0,403420.0,471038.0
979231.0,584250.0,407508.0,453184.0
979265.0,577187.0,406913.0,460529.0
979274.0,580688.0,412929.0,460361.0
979386.0,574670.0,423479.0,458823.0
979394.0,568884.0,409263.0,457252.0
979401.0,576669.0,409187.0,466537.0
979449.0,579862.0,410763.0,463378.0
979478.0,573328.0,410790.0,458455.0
979526.0,581479.0,414512.0,466768.0
979530.0,568351.0,417333.0,460372.0
979556.0,576554.0,412764.0,460997.0
979568.0,571753.0,412883.0,465246.0
979598.0,570010.0,409601.0,460468.0
979679.0,575951.0,409628.0,468668.0
979704.0,580472.0,409717.0,459270.0
979837.0,582157.0,410058.0,476096.0
979906.0,580394.0,418784.0,465385.0
979921.0,587733.0,412503.0,457404.0
980031.0,571780.0,411089.0,449492.0
980054.0,578864.0,415132.0,461202.0
980063.0,577416.0,412587.0,475168.0
980273.0,574101.0,421394.0,468870.0
980275.0,578813.0,403322.0,470044.0
980337.0,589925.0,406636.0,469557.0
980437.0,570530.0,403366.0,475696.0
980451.0,588363.0,407416.0,455896.0
980468.0,569519.0,409478.0,461617.0
980535.0,590674.0,421915.0,465320.0
980536.0,581893.0,399812.0,456807.0
980563.0,576419.0,414498.0,460752.0
980568.0,581829.0,411527.0,464601.0
980575.0,573820.0,402381.0,456818.0
980659.0,582652.0,408864.0,458002.0
980693.0,581376.0,408731.0,466405.0
980697.0,576526.0,416479.0,474859.0
980781.0,567538.0,414539.0,467556.0
980857.0,578070.0,404224.0,464790.0
980874.0,576262.0,407125.0,473951.0
981128.0,568639.0,435205.0,464141.0
981159.0,571950.0,415456.0,471201.0
981318.0,577846.0,410717.0,464127.0
981364.0,580962.0,412693.0,479790.0
981461.0,573120.0,413496.0,464564.0
981522.0,577687.0,411613.0,466039.0
981537.0,572181.0,405960.0,478518.0
981573.0,572003.0,417452.0,463621.0
981624.0,581164.0,417566.0,457962.0
981635.0,574518.0,416578.0,466874.0
981640.0,575778.0,411857.0,457779.0
981659.0,574107.0,423384.0,469257.0
981751.0,570576.0,412521.0,467557.0
981771.0,579891.0,408321.0,467557.0
981912.0,571616.0,407958.0,466710.0
981993.0,571517.0,407354.0,478497.0
982032.0,575776.0,407351.0,464373.0
982086.0,581089.0,408276.0,465152.0
982090.0,568975.0,410561.0,472566.0
982164.0,566506.0,404315.0,472334.0
982200.0,590485.0,412241.0,455285.0
982223.0,577398.0,417028.0,478701.0
982264.0,577447.0,415899.0,462932.0
982274.0,578150.0,414441.0,451147.0
982284.0,570203.0,407304.0,462240.0
982358.0,571221.0,411592.0,462849.0
982460.0,570838.0,418445.0,465978.0
982501.0,585469.0,413254.0,465087.0
982507.0,572948.0,404556.0,467929.0
982554.0,567546.0,420275.0,461963.0
982774.0,573898.0,398964.0,464019.0
982775.0,584404.0,403635.0,473506.0
982917.0,567015.0,401183.0,462456.0
982921.0,584594.0,414487.0,473797.0
983036.0,575636.0,420264.0,461008.0
983056.0,589862.0,420375.0,463115.0
983264.0,580135.0,407082.0,471777.0
983300.0,585188.0,411207.0,469751.0
983413.0,566691.0,406908.0,458954.0
983415.0,580494.0,408280.0,467138.0
983628.0,571204.0,412527.0,460297.0
983663.0,574756.0,408887.0,461269.0
983778.0,579222.0,415143.0,465009.0
983834.0,572928.0,400739.0,474440.0
983857.0,577222.0,403866.0,468046.0
983866.0,582741.0,410547.0,463652.0
983902.0,571475.0,416342.0,466000.0
983944.0,579523.0,400183.0,471957.0
984153.0,584658.0,419981.0,462167.0
984164.0,590320.0,414116.0,464601.0
984215.0,575987.0,412632.0,453405.0
984257.0,581765.0,413212.0,457254.0
984279.0,567491.0,410194.0,469907.0
984293.0,574271.0,402179.0,454374.0
984296.0,572620.0,409283.0,462184.0
984381.0,564873.0,406586.0,474414.0
984383.0,577038.0,401520.0,454756.0
984448.0,580186.0,410866.0,464591.0
984531.0,589622.0,407602.0,469311.0
984537.0,573361.0,419400.0,456419.0
984665.0,580135.0,417935.0,461294.0
984675.0,585796.0,408257.0,465633.0
984694.0,571489.0,414578.0,466665.0
984740.0,585412.0,417858.0,464787.0
984743.0,580182.0,421156.0,467116.0
984766.0,581421.0,409809.0,459712.0
984894.0,583770.0,417652.0,459303.0
985044.0,573969.0,402467.0,458338.0
985046.0,574923.0,420489.0,462078.0
985083.0,581805.0,409694.0,470205.0
985127.0,577150.0,410497.0,462533.0
985166.0,574121.0,415885.0,465029.0
985172.0,580986.0,414382.0,467221.0
985200.0,572966.0,418012.0,468691.0
985241.0,576517.0,421173.0,472480.0
985301.0,576948.0,409792.0,460621.0
985413.0,583608.0,412004.0,460197.0
985465.0,584009.0,412070.0,472301.0
985580.0,581487.0,419318.0,468579.0
985675.0,572341.0,419221.0,457414.0
985696.0,581577.0,418596.0,460366.0
985706.0,565916.0,411499.0,461137.0
985746.0,566375.0,421649.0,465511.0
985868.0,577607.0,414524.0,457741.0
985970.0,585799.0,419103.0,464720.0
986108.0,571780.0,409828.0,456955.0
986115.0,567886.0,417907.0,460151.0
986217.0,569758.0,407790.0,476331.0
986275.0,568977.0,411769.0,471023.0
986375.0,579409.0,409379.0,474507.0
986439.0,581829.0,410317.0,464958.0
986487.0,577341.0,407259.0,463067.0
986597.0,587227.0,414672.0,456953.0
986738.0,579657.0,416197.0,472995.0
987020.0,588795.0,409430.0,462324.0
987031.0,580785.0,414450.0,465243.0
987194.0,584955.0,408155.0,460571.0
987203.0,588205.0,421002.0,452694.0
987219.0,575280.0,397873.0,460269.0
987234.0,579686.0,399719.0,465792.0
987281.0,586851.0,418160.0,460381.0
987399.0,585928.0,423811.0,460389.0
987405.0,574632.0,402019.0,467230.0
987473.0,578690.0,418994.0,456249.0
987481.0,564962.0,408912.0,450123.0
987541.0,576698.0,403526.0,472439.0
987551.0,572412.0,393248.0,460093.0
987561.0,573926.0,408674.0,474207.0
987879.0,572103.0,416478.0,469279.0
987956.0,581604.0,411278.0,461500.0
988087.0,579848.0,406202.0,464597.0
988244.0,571098.0,411727.0,461303.0
988321.0,578482.0,413583.0,471301.0
988439.0,581855.0,411427.0,457051.0
988466.0,587167.0,404951.0,455658.0
988487.0,567449.0,418849.0,483146.0
988494.0,577490.0,410038.0,458430.0
988613.0,581054.0,413610.0,454175.0
988630.0,584430.0,419729.0,459965.0
988665.0,579291.0,407995.0,465070.0
988674.0,573660.0,407208.0,461453.0
988769.0,573614.0,412736.0,462737.0
988776.0,576485.0,415272.0,456093.0
989052.0,587554.0,409691.0,454819.0
989069.0,585717.0,408510.0,459860.0
989072.0,581662.0,413230.0,456390.0
989112.0,592018.0,419127.0,481727.0
989206.0,572565.0,422418.0,457008.0
989280.0,586440.0,423765.0,462599.0
989710.0,572180.0,407447.0,466798.0
989752.0,589159.0,396360.0,464535.0
990018.0,578030.0,405236.0,462380.0
990166.0,582692.0,414445.0,466690.0
990219.0,588460.0,407107.0,452768.0
990365.0,572578.0,400057.0,463183.0
990369.0,587904.0,398395.0,458576.0
990440.0,573444.0,412650.0,471334.0
990604.0,578988.0,414753.0,461607.0
990860.0,567460.0,411839.0,469222.0
990889.0,585345.0,413857.0,469695.0
991044.0,574585.0,420257.0,462583.0
991722.0,572174.0,396630.0,457523.0
991838.0,577403.0,400043.0,457768.0
991901.0,576931.0,419913.0,464692.0
992105.0,578244.0,409196.0,458817.0
992269.0,584951.0,414313.0,459347.0
992362.0,575087.0,392340.0,472482.0
992404.0,590890.0,421163.0,457124.0
992727.0,579875.0,418317.0,468334.0
993544.0,585185.0,425819.0,452734.0
994254.0,574987.0,403937.0,468243.0
994395.0,586576.0,412029.0,467920.0
994954.0,581423.0,416847.0,460396.0
995547.0,577869.0,422004.0,468404.0
995821.0,566630.0,407412.0,467180.0
996185.0,564454.0,410965.0,452502.0
1000000.0,578704.0,416378.0,457192.0
