d0,d1,d2
0.0,590860.0,619423.0
3979.0,595698.0,611132.0
4433.0,596095.0,612479.0
5696.0,591596.0,603462.0
5750.0,593461.0,607125.0
5890.0,597199.0,598055.0
5954.0,600149.0,598307.0
6004.0,596339.0,608105.0
6255.0,602083.0,606802.0
6648.0,600081.0,599495.0
7098.0,591025.0,600400.0
7123.0,594932.0,609875.0
7368.0,586906.0,608837.0
8214.0,593577.0,618820.0
8359.0,593343.0,612592.0
8522.0,584733.0,612321.0
8879.0,598533.0,606042.0
8880.0,594736.0,614854.0
9246.0,601273.0,610294.0
9742.0,604820.0,611053.0
9821.0,592270.0,621250.0
9940.0,611418.0,607424.0
9994.0,586927.0,597071.0
10012.0,599771.0,602094.0
10072.0,602434.0,607188.0
10192.0,596606.0,610003.0
10201.0,600184.0,607823.0
10304.0,594311.0,608158.0
10470.0,588001.0,610225.0
10470.0,593979.0,612526.0
10576.0,579182.0,598925.0
10744.0,594354.0,598721.0
10803.0,589466.0,606239.0
10881.0,594371.0,608254.0
11044.0,594517.0,609706.0
11258.0,592358.0,611274.0
11352.0,592382.0,618850.0
11431.0,595196.0,614108.0
11862.0,588562.0,605475.0
12086.0,598514.0,613176.0
12296.0,587875.0,608384.0
12380.0,600361.0,604331.0
12397.0,582045.0,622081.0
12431.0,593089.0,591899.0
12474.0,599326.0,610854.0
12486.0,589730.0,608197.0
12590.0,596344.0,610288.0
12658.0,595075.0,599870.0
12780.0,590655.0,611613.0
12960.0,597643.0,608646.0
12998.0,591164.0,611634.0
13093.0,606400.0,607219.0
13123.0,596043.0,602529.0
13214.0,594672.0,616476.0
13490.0,593497.0,612846.0
13679.0,588900.0,608553.0
13747.0,596450.0,622489.0
13766.0,603240.0,613526.0
13774.0,587768.0,611895.0
13789.0,606151.0,607561.0
13795.0,599930.0,611731.0
13941.0,591986.0,606105.0
14054.0,592586.0,606710.0
14168.0,583638.0,610197.0
14178.0,602840.0,598251.0
14193.0,601862.0,612446.0
14255.0,590404.0,627140.0
14337.0,582352.0,613580.0
14392.0,596332.0,622432.0
14431.0,597454.0,602531.0
14439.0,592728.0,614690.0
14588.0,590559.0,605485.0
14729.0,602510.0,608397.0
14824.0,598210.0,601430.0
14877.0,597981.0,612152.0
14920.0,596869.0,613523.0
14981.0,592248.0,608634.0
15022.0,592474.0,610773.0
15101.0,595408.0,609225.0
15119.0,600550.0,608248.0
15121.0,591741.0,590825.0
15224.0,596641.0,607073.0
15248.0,596130.0,610506.0
15266.0,599828.0,615186.0
15297.0,597634.0,602659.0
15500.0,596753.0,619137.0
15580.0,593802.0,604109.0
15623.0,587066.0,602328.0
15641.0,601974.0,602010.0
15712.0,599515.0,613090.0
15794.0,603593.0,613569.0
15832.0,596128.0,618007.0
16018.0,594240.0,601429.0
16031.0,592011.0,611440.0
16116.0,593164.0,610411.0
16119.0,597995.0,604765.0
16132.0,593498.0,609255.0
16146.0,599654.0,609734.0
16370.0,585144.0,611353.0
16393.0,598978.0,608040.0
16432.0,590672.0,601409.0
16473.0,600877.0,614852.0
16579.0,602997.0,612361.0
16688.0,598669.0,619066.0
16738.0,591849.0,610290.0
16746.0,593567.0,606128.0
16758.0,592981.0,600432.0
17051.0,595464.0,599895.0
17065.0,594505.0,604020.0
17132.0,601118.0,603151.0
17202.0,600344.0,616937.0
17213.0,588898.0,607278.0
17264.0,594321.0,614376.0
17299.0,591290.0,606407.0
17420.0,597677.0,608225.0
17425.0,592803.0,616668.0
17428.0,594314.0,606934.0
17483.0,596498.0,610387.0
17561.0,598248.0,614289.0
17647.0,598072.0,608912.0
17782.0,598967.0,607264.0
17866.0,592721.0,613051.0
17893.0,606054.0,598950.0
17895.0,595651.0,609959.0
17896.0,585213.0,614430.0
18025.0,595310.0,610378.0
18073.0,595842.0,613459.0
18086.0,597994.0,616882.0
18247.0,595164.0,609303.0
18287.0,602284.0,599528.0
18311.0,594616.0,618225.0
18448.0,593020.0,614324.0
18467.0,591892.0,610904.0
18513.0,598546.0,609050.0
18668.0,608984.0,609655.0
18773.0,597754.0,610110.0
18819.0,592744.0,617772.0
18820.0,601039.0,601727.0
18847.0,596345.0,610932.0
18863.0,588362.0,614460.0
18901.0,589448.0,614958.0
19027.0,599706.0,610243.0
19126.0,593660.0,612542.0
19196.0,590552.0,619426.0
19289.0,597485.0,606072.0
19376.0,585570.0,618414.0
19393.0,591878.0,627175.0
19440.0,589214.0,609171.0
19448.0,591037.0,614184.0
19510.0,595331.0,609800.0
19600.0,590674.0,607827.0
19741.0,590937.0,625241.0
19859.0,591910.0,599606.0
20065.0,602753.0,601836.0
20187.0,597608.0,616794.0
20206.0,587113.0,622992.0
20211.0,603782.0,621211.0
20282.0,596854.0,608424.0
20323.0,595506.0,609779.0
20343.0,594377.0,614684.0
20429.0,583156.0,603717.0
20623.0,591057.0,608627.0
20736.0,592906.0,596782.0
20748.0,597811.0,609720.0
20877.0,590899.0,607860.0
20919.0,588006.0,607499.0
20949.0,590828.0,595856.0
20962.0,598993.0,621182.0
20965.0,589279.0,608491.0
21098.0,600491.0,605003.0
21193.0,588392.0,617152.0
21329.0,588219.0,610924.0
21332.0,601515.0,629034.0
21515.0,601878.0,605975.0
21714.0,596569.0,608775.0
21798.0,607639.0,613616.0
21823.0,591214.0,601361.0
21845.0,594676.0,611949.0
21907.0,596456.0,613756.0
22018.0,600713.0,602366.0
22129.0,600323.0,616124.0
22392.0,600277.0,611751.0
22464.0,588171.0,609987.0
22521.0,596113.0,606665.0
22534.0,584367.0,609748.0
22797.0,598263.0,615230.0
22819.0,588493.0,604452.0
22925.0,593132.0,613871.0
22985.0,601898.0,607093.0
23011.0,595348.0,634483.0
23013.0,603275.0,616752.0
23159.0,598140.0,619241.0
23217.0,595998.0,612418.0
23251.0,589273.0,612068.0
23509.0,608033.0,608748.0
23562.0,593468.0,617071.0
23613.0,591971.0,607777.0
23714.0,589218.0,606936.0
23774.0,594746.0,587612.0
24018.0,596017.0,601882.0
24082.0,599372.0,600776.0
24166.0,599829.0,616867.0
24309.0,588248.0,596568.0
24434.0,599939.0,604677.0
24572.0,599285.0,612770.0
24615.0,591448.0,612112.0
24667.0,599875.0,606429.0
25161.0,611304.0,609167.0
25390.0,588174.0,610840.0
25537.0,589416.0,604907.0
25560.0,599059.0,619605.0
26317.0,599400.0,619328.0
26397.0,600183.0,612797.0
26671.0,600481.0,606194.0
26937.0,600372.0,625076.0
27402.0,592974.0,603172.0
27872.0,592684.0,615624.0
28331.0,589375.0,617640.0
28456.0,597719.0,600727.0
28622.0,600086.0,610903.0
29221.0,593130.0,603162.0
30029.0,599137.0,610746.0
30585.0,594614.0,615769.0
30901.0,588803.0,608346.0
30978.0,606990.0,610678.0
102424.0,881415.0,225570.0
106212.0,878250.0,242475.0
108245.0,880781.0,234416.0
108751.0,886325.0,232344.0
108910.0,876245.0,229329.0
108950.0,881922.0,224822.0
109439.0,871474.0,230344.0
110709.0,869892.0,239110.0
111008.0,877103.0,237424.0
111075.0,883732.0,234559.0
111092.0,870985.0,232291.0
111252.0,871379.0,234795.0
111678.0,883341.0,235253.0
112210.0,884313.0,228831.0
112371.0,868952.0,233145.0
112521.0,882373.0,228684.0
112568.0,885147.0,225428.0
112722.0,873088.0,242851.0
112826.0,876081.0,244174.0
113056.0,885024.0,227116.0
113064.0,888623.0,238952.0
113253.0,879220.0,238822.0
113294.0,886340.0,224623.0
113324.0,886526.0,225601.0
113578.0,872269.0,222855.0
113805.0,873873.0,227019.0
113833.0,880836.0,229687.0
114246.0,886137.0,233900.0
114310.0,878277.0,233732.0
114412.0,885137.0,230852.0
115029.0,874220.0,230211.0
115487.0,883794.0,232967.0
115685.0,868307.0,234438.0
115697.0,878762.0,225749.0
115867.0,870378.0,233602.0
115886.0,884665.0,230956.0
115889.0,873318.0,226517.0
115890.0,872418.0,225675.0
115977.0,880582.0,234463.0
116013.0,874937.0,229941.0
116107.0,877545.0,233513.0
116188.0,889082.0,230220.0
116391.0,869530.0,232998.0
116590.0,882492.0,224158.0
116665.0,876604.0,228931.0
116878.0,889971.0,243800.0
116916.0,890772.0,245855.0
117183.0,877883.0,230199.0
117400.0,878925.0,223951.0
117533.0,880388.0,227825.0
117575.0,875529.0,232322.0
117681.0,883418.0,226118.0
117716.0,868937.0,234098.0
117963.0,884665.0,240012.0
117991.0,867709.0,232174.0
118037.0,878447.0,219547.0
118083.0,875958.0,237523.0
118100.0,876014.0,238982.0
118117.0,883282.0,239719.0
118243.0,879093.0,223566.0
118321.0,882801.0,234006.0
118322.0,885167.0,243842.0
118363.0,879702.0,236090.0
118438.0,888222.0,230834.0
118573.0,878139.0,234354.0
118578.0,873381.0,225148.0
118606.0,873127.0,231239.0
118671.0,883502.0,225585.0
118720.0,883861.0,222838.0
118751.0,881581.0,219055.0
118783.0,884691.0,214017.0
118825.0,878496.0,226365.0
118874.0,875254.0,239600.0
118932.0,878152.0,227049.0
118950.0,880244.0,226824.0
119258.0,881048.0,234090.0
119347.0,885546.0,226131.0
119351.0,894983.0,236905.0
119415.0,892904.0,233721.0
119471.0,883796.0,232992.0
119566.0,881783.0,224336.0
119660.0,875773.0,230699.0
119890.0,884844.0,218423.0
119915.0,879712.0,237581.0
120049.0,867227.0,229038.0
120163.0,877273.0,244312.0
120171.0,875985.0,238193.0
120199.0,871474.0,231672.0
120322.0,889902.0,230149.0
120342.0,872794.0,233862.0
120393.0,875386.0,233382.0
120399.0,874084.0,230997.0
120409.0,883196.0,225120.0
120594.0,885091.0,231487.0
120602.0,878590.0,230989.0
120662.0,871033.0,238457.0
120744.0,885657.0,238273.0
120781.0,873163.0,236046.0
120815.0,880612.0,239702.0
120836.0,886145.0,229499.0
121008.0,888417.0,236519.0
121070.0,885326.0,239199.0
121120.0,882324.0,228684.0
121250.0,880904.0,231555.0
121274.0,880656.0,231056.0
121308.0,881883.0,235486.0
121348.0,874840.0,237092.0
121369.0,887831.0,231067.0
121410.0,882306.0,242889.0
121476.0,880335.0,218437.0
121547.0,886144.0,234883.0
121572.0,883279.0,234998.0
121670.0,882670.0,227905.0
121763.0,874819.0,223622.0
121887.0,880393.0,235252.0
121960.0,882727.0,241825.0
121990.0,879155.0,233678.0
121999.0,872021.0,229355.0
122144.0,874021.0,237051.0
122154.0,907112.0,231016.0
122273.0,874517.0,220361.0
122465.0,879780.0,229572.0
122508.0,877542.0,225995.0
122651.0,890046.0,235043.0
122678.0,875099.0,229319.0
122691.0,891744.0,233688.0
122772.0,875503.0,229636.0
122931.0,881188.0,234985.0
122933.0,881621.0,232916.0
122947.0,877361.0,225190.0
122976.0,878886.0,236645.0
122976.0,885003.0,229826.0
122988.0,891285.0,225203.0
123017.0,881219.0,228240.0
123148.0,873867.0,220330.0
123292.0,874217.0,241419.0
123318.0,885599.0,240537.0
123557.0,886898.0,223908.0
123558.0,878528.0,228648.0
123715.0,875912.0,230684.0
123718.0,879053.0,231376.0
123996.0,868092.0,223051.0
124014.0,877229.0,228493.0
124019.0,886601.0,243135.0
124025.0,875558.0,227692.0
124242.0,883933.0,234970.0
124318.0,877541.0,222605.0
124319.0,880487.0,234194.0
124366.0,893808.0,232198.0
124461.0,900886.0,229510.0
124519.0,874961.0,228393.0
124589.0,876757.0,228853.0
124610.0,868130.0,233624.0
124668.0,882842.0,236641.0
124692.0,882490.0,228588.0
124744.0,891032.0,233376.0
124815.0,890578.0,229193.0
124829.0,887546.0,236646.0
124931.0,894322.0,236009.0
124955.0,890020.0,236994.0
124974.0,883068.0,225623.0
125041.0,873424.0,230140.0
125198.0,877693.0,234325.0
125245.0,879196.0,233404.0
125427.0,880716.0,229253.0
125494.0,878423.0,231274.0
125513.0,877898.0,227404.0
125602.0,892175.0,240272.0
125664.0,881938.0,231710.0
125706.0,881210.0,234322.0
125752.0,890503.0,238354.0
125766.0,871542.0,232195.0
125865.0,866688.0,231676.0
125942.0,886093.0,232447.0
125949.0,886059.0,233374.0
126001.0,885359.0,233983.0
126338.0,876875.0,236796.0
126345.0,878604.0,236576.0
126370.0,883601.0,233951.0
126409.0,875039.0,236130.0
126557.0,877239.0,232535.0
126650.0,873270.0,243778.0
126671.0,888569.0,237986.0
126892.0,874801.0,231317.0
126977.0,875745.0,228076.0
127000.0,879509.0,238415.0
127089.0,889327.0,245833.0
127112.0,879694.0,244016.0
127173.0,867294.0,238340.0
127201.0,877950.0,237736.0
127763.0,882799.0,240615.0
127823.0,883057.0,232266.0
128355.0,896285.0,250020.0
128434.0,884805.0,240681.0
128462.0,886363.0,229752.0
128585.0,874181.0,229485.0
128664.0,877240.0,228825.0
128701.0,873020.0,236645.0
128761.0,878924.0,231974.0
129148.0,888795.0,230440.0
129308.0,881005.0,237311.0
129327.0,892052.0,228945.0
129502.0,879305.0,234938.0
129521.0,881910.0,244475.0
129605.0,877554.0,238752.0
129851.0,892625.0,233320.0
130293.0,881181.0,219356.0
130499.0,886151.0,224012.0
130679.0,881480.0,230845.0
130722.0,872623.0,233111.0
130945.0,884994.0,237064.0
131090.0,882508.0,227000.0
131099.0,884098.0,230420.0
131154.0,877741.0,223675.0
131190.0,890396.0,230970.0
131612.0,871683.0,231199.0
131773.0,886804.0,228363.0
131954.0,882916.0,237948.0
132375.0,887093.0,230760.0
132856.0,875835.0,233613.0
132997.0,876725.0,231078.0
134003.0,867244.0,234479.0
134114.0,872312.0,230599.0
134860.0,871508.0,230094.0
142222.0,867187.0,235151.0
210674.0,704906.0,630925.0
212283.0,723384.0,636100.0
213716.0,714623.0,627233.0
214256.0,717142.0,632115.0
214533.0,713869.0,632924.0
215829.0,714093.0,632784.0
215838.0,708485.0,616309.0
215866.0,711900.0,626724.0
216555.0,717803.0,619422.0
216665.0,710215.0,626286.0
218428.0,725650.0,629307.0
218708.0,717354.0,628810.0
218731.0,711918.0,619112.0
218911.0,713904.0,630835.0
219582.0,715899.0,630767.0
219830.0,721578.0,625329.0
219955.0,721454.0,625860.0
220020.0,712364.0,617800.0
220185.0,710928.0,645182.0
220197.0,710959.0,635288.0
220315.0,711931.0,618449.0
220320.0,705801.0,627040.0
220563.0,721237.0,630400.0
220589.0,722294.0,625434.0
220745.0,720878.0,635244.0
220849.0,717512.0,628524.0
220863.0,715032.0,621299.0
220870.0,716103.0,623073.0
220912.0,719734.0,622573.0
220919.0,710902.0,633720.0
220928.0,716029.0,628297.0
221103.0,709504.0,633318.0
221315.0,709639.0,626430.0
221570.0,725256.0,617942.0
221611.0,720946.0,623767.0
221732.0,720223.0,625645.0
221894.0,714262.0,623214.0
221994.0,709518.0,631101.0
222187.0,710042.0,614140.0
222264.0,723018.0,631382.0
222359.0,712247.0,629548.0
222381.0,717323.0,625722.0
222591.0,732274.0,625316.0
222616.0,715257.0,619326.0
222692.0,704680.0,637675.0
222818.0,715048.0,627172.0
222832.0,715378.0,611514.0
223077.0,715165.0,635179.0
223128.0,723161.0,635288.0
223219.0,707891.0,623209.0
223253.0,718836.0,615960.0
223364.0,710475.0,623259.0
223503.0,718510.0,627654.0
223751.0,713966.0,622591.0
223847.0,716246.0,636414.0
223880.0,712256.0,627095.0
223924.0,722498.0,636577.0
224010.0,712980.0,629024.0
224026.0,703488.0,618951.0
224028.0,707556.0,621637.0
224073.0,709746.0,627719.0
224100.0,723296.0,629908.0
224291.0,710266.0,624813.0
224314.0,713716.0,626020.0
224391.0,715614.0,624898.0
224455.0,718459.0,623515.0
224459.0,712953.0,632315.0
224599.0,714859.0,625662.0
224609.0,729176.0,618639.0
224693.0,718156.0,631517.0
224697.0,718137.0,639964.0
224754.0,727746.0,633984.0
224796.0,712908.0,619007.0
224873.0,709242.0,630792.0
224882.0,715363.0,636495.0
224928.0,714972.0,617253.0
225010.0,717384.0,631422.0
225037.0,704921.0,627934.0
225084.0,718716.0,631368.0
225174.0,711385.0,625258.0
225237.0,722222.0,643953.0
225615.0,726964.0,627999.0
225670.0,714213.0,631534.0
225673.0,708616.0,633128.0
225721.0,717042.0,625514.0
225726.0,718569.0,621813.0
225732.0,714287.0,640107.0
225777.0,713820.0,626577.0
225962.0,719899.0,619756.0
226141.0,715856.0,624282.0
226267.0,711354.0,622867.0
226321.0,725116.0,630011.0
226440.0,713157.0,633684.0
226445.0,714761.0,622230.0
226750.0,718607.0,628192.0
226796.0,717580.0,625459.0
226801.0,710909.0,638181.0
226916.0,720900.0,627700.0
227003.0,724586.0,614736.0
227086.0,717594.0,632485.0
227178.0,718760.0,628491.0
227337.0,720319.0,623800.0
227496.0,715748.0,635006.0
227621.0,724297.0,630153.0
227624.0,724685.0,626363.0
227710.0,706170.0,631692.0
227775.0,706100.0,629685.0
227791.0,709954.0,626804.0
227885.0,714625.0,619045.0
227898.0,725679.0,625717.0
228036.0,718305.0,629897.0
228244.0,718475.0,617031.0
228257.0,711886.0,630165.0
228298.0,698933.0,630317.0
228617.0,716898.0,623984.0
228670.0,717026.0,618297.0
228681.0,711794.0,624360.0
228690.0,713580.0,626872.0
228708.0,716552.0,620836.0
228719.0,727309.0,630758.0
228828.0,707161.0,624953.0
228891.0,706081.0,617511.0
228910.0,710305.0,623702.0
228928.0,728406.0,627076.0
229017.0,724887.0,624033.0
229070.0,715589.0,626623.0
229102.0,722626.0,626185.0
229103.0,708809.0,626739.0
229165.0,719482.0,635183.0
229169.0,710737.0,630245.0
229179.0,711666.0,622758.0
229184.0,717371.0,622747.0
229272.0,713306.0,631101.0
229361.0,721273.0,618157.0
229402.0,720606.0,627252.0
229444.0,721229.0,632860.0
229456.0,727383.0,621012.0
229483.0,718698.0,630532.0
229534.0,726784.0,633221.0
229690.0,716789.0,617281.0
229798.0,713033.0,631183.0
229948.0,713424.0,634601.0
230161.0,726410.0,631858.0
230269.0,727020.0,622455.0
230459.0,707042.0,632151.0
230474.0,717323.0,634343.0
230561.0,714287.0,620722.0
230571.0,712740.0,632304.0
230752.0,713526.0,624445.0
230772.0,723702.0,626318.0
230911.0,709903.0,619788.0
230940.0,724420.0,616904.0
231010.0,716839.0,634497.0
231012.0,716587.0,620689.0
231043.0,711630.0,620512.0
231102.0,702087.0,622187.0
231213.0,706561.0,627149.0
231226.0,714954.0,610783.0
231227.0,720365.0,620592.0
231236.0,714744.0,631462.0
231329.0,710873.0,627287.0
231413.0,702861.0,625943.0
231521.0,718597.0,618228.0
231688.0,725911.0,635998.0
231905.0,709878.0,618304.0
231928.0,711258.0,633487.0
232030.0,720079.0,638594.0
232031.0,722911.0,627359.0
232132.0,721483.0,626762.0
232338.0,721033.0,627649.0
232340.0,708542.0,620635.0
232348.0,705869.0,633388.0
232668.0,720411.0,617035.0
232679.0,709901.0,629184.0
232814.0,715315.0,632192.0
232861.0,710240.0,626166.0
232982.0,719601.0,626048.0
233007.0,725091.0,614294.0
233026.0,709227.0,617560.0
233072.0,705697.0,611620.0
233142.0,708679.0,627055.0
233319.0,713115.0,626962.0
233339.0,715102.0,619410.0
233351.0,700479.0,619338.0
233594.0,718621.0,633003.0
233623.0,720616.0,634681.0
233658.0,725520.0,626647.0
233972.0,707555.0,639972.0
233974.0,721232.0,617627.0
234010.0,713074.0,637015.0
234016.0,715516.0,626320.0
234155.0,713940.0,627822.0
234271.0,710745.0,634717.0
234323.0,715124.0,632782.0
234381.0,714884.0,635145.0
234493.0,710914.0,632697.0
234565.0,713053.0,629327.0
234587.0,715656.0,636498.0
234707.0,720092.0,630532.0
234803.0,718108.0,620458.0
234892.0,720649.0,631130.0
235003.0,719631.0,625430.0
235164.0,715283.0,633114.0
235493.0,711571.0,628828.0
235509.0,715264.0,619685.0
235688.0,726743.0,619724.0
236160.0,706098.0,626999.0
236537.0,718187.0,627310.0
236594.0,723444.0,632819.0
236746.0,710152.0,632646.0
236814.0,724438.0,627535.0
237409.0,705493.0,621955.0
237579.0,725454.0,626447.0
237624.0,722573.0,623967.0
237661.0,704977.0,623501.0
238184.0,725469.0,633525.0
238299.0,713183.0,627595.0
238505.0,720028.0,626345.0
239621.0,723352.0,621951.0
239863.0,710388.0,632297.0
239978.0,713130.0,639813.0
240515.0,714419.0,626527.0
241096.0,708663.0,620188.0
241957.0,714144.0,620225.0
245999.0,722534.0,632312.0
269968.0,0.0,0.0
314474.0,467500.0,278893.0
314947.0,472688.0,287368.0
314970.0,483806.0,284000.0
315150.0,464546.0,283144.0
316119.0,474257.0,283817.0
316567.0,471587.0,277456.0
316576.0,481735.0,280129.0
316773.0,481993.0,277794.0
317161.0,474941.0,275183.0
317811.0,467391.0,274636.0
317918.0,468965.0,287594.0
318103.0,472142.0,279823.0
318959.0,477966.0,285799.0
319269.0,468618.0,276140.0
319834.0,477809.0,282549.0
320050.0,478151.0,281632.0
320149.0,478763.0,281203.0
320219.0,478288.0,278415.0
320395.0,477589.0,275254.0
320679.0,471445.0,274632.0
320788.0,475433.0,290969.0
320916.0,473327.0,283293.0
321000.0,484064.0,280524.0
321339.0,466051.0,268256.0
321555.0,483632.0,286147.0
321634.0,473314.0,266524.0
321694.0,472208.0,283625.0
321731.0,476023.0,276560.0
321734.0,477407.0,269063.0
321863.0,478331.0,272154.0
321901.0,491729.0,278656.0
322204.0,468495.0,277184.0
322311.0,486500.0,282693.0
322377.0,475334.0,286921.0
322462.0,480859.0,273710.0
322680.0,482998.0,269283.0
322773.0,478372.0,286935.0
322897.0,470288.0,269335.0
323344.0,475973.0,268640.0
323548.0,477752.0,284099.0
323686.0,466853.0,276916.0
323713.0,479447.0,277358.0
323839.0,473417.0,273326.0
323864.0,474594.0,274596.0
323915.0,480465.0,288536.0
323963.0,480789.0,279338.0
324054.0,481203.0,278235.0
324144.0,466304.0,285949.0
324233.0,479367.0,283566.0
324267.0,470981.0,268221.0
324289.0,479894.0,267993.0
324398.0,466774.0,270482.0
324409.0,481777.0,267392.0
324468.0,473174.0,273042.0
324796.0,479751.0,284539.0
324812.0,482536.0,273528.0
324891.0,476689.0,270551.0
325474.0,480219.0,269266.0
325497.0,471207.0,289476.0
325625.0,483518.0,282999.0
325635.0,473991.0,272767.0
325674.0,483260.0,281732.0
325676.0,478095.0,275923.0
325736.0,469224.0,280662.0
325743.0,474485.0,284786.0
325769.0,481758.0,282353.0
325790.0,474347.0,278142.0
325895.0,468661.0,270763.0
325938.0,480063.0,282809.0
326044.0,485617.0,287506.0
326092.0,481189.0,275644.0
326193.0,469887.0,283088.0
326362.0,473331.0,284395.0
326460.0,467340.0,280311.0
326545.0,478221.0,282385.0
326549.0,473625.0,277291.0
326567.0,482892.0,270244.0
326723.0,477103.0,276092.0
326725.0,483783.0,282816.0
326737.0,467592.0,274594.0
326822.0,477241.0,281422.0
326872.0,473318.0,268543.0
326874.0,479066.0,259726.0
326938.0,478991.0,271930.0
326944.0,474139.0,284412.0
327005.0,465983.0,268554.0
327019.0,474071.0,277559.0
327053.0,483973.0,279889.0
327092.0,476631.0,287001.0
327371.0,479546.0,287489.0
327402.0,474842.0,274688.0
327438.0,489004.0,277701.0
327493.0,483486.0,269207.0
327667.0,477757.0,285201.0
327706.0,481640.0,283651.0
327801.0,475658.0,284460.0
327885.0,474742.0,278748.0
328182.0,477608.0,278319.0
328461.0,473339.0,279704.0
328497.0,468628.0,280328.0
328500.0,483277.0,285476.0
328642.0,488435.0,277181.0
328878.0,471336.0,287273.0
328901.0,482253.0,281261.0
329130.0,478581.0,275601.0
329184.0,471437.0,279748.0
329447.0,471497.0,281123.0
329537.0,470169.0,275301.0
329562.0,482274.0,285059.0
329761.0,471853.0,279752.0
329962.0,481650.0,268889.0
329967.0,477635.0,287280.0
329982.0,480760.0,284910.0
330057.0,483216.0,269881.0
330102.0,474365.0,283864.0
330117.0,474851.0,280250.0
330142.0,479747.0,287661.0
330241.0,481658.0,272076.0
330253.0,479003.0,276625.0
330257.0,488207.0,282613.0
330304.0,479436.0,282298.0
330517.0,476069.0,281178.0
330543.0,478064.0,276589.0
330621.0,489731.0,270733.0
330636.0,472335.0,266824.0
330762.0,479190.0,279116.0
330803.0,474544.0,279082.0
330902.0,471758.0,288534.0
330931.0,455527.0,278970.0
330957.0,473654.0,285991.0
331015.0,488040.0,279188.0
331024.0,482214.0,287540.0
331025.0,467489.0,273036.0
331166.0,461246.0,280438.0
331186.0,479199.0,276597.0
331278.0,477081.0,276355.0
331287.0,464676.0,278340.0
331459.0,471850.0,274927.0
331470.0,481980.0,281941.0
331514.0,476032.0,283144.0
331623.0,480531.0,274181.0
331644.0,483373.0,289507.0
331716.0,471186.0,280293.0
331744.0,479340.0,271104.0
331762.0,487317.0,278363.0
331777.0,478063.0,272339.0
331795.0,476390.0,275738.0
331834.0,468700.0,281735.0
331893.0,472065.0,281575.0
331959.0,474522.0,283148.0
332014.0,467795.0,279720.0
332183.0,477213.0,282700.0
332277.0,476870.0,280873.0
332290.0,474712.0,284443.0
332397.0,482712.0,286765.0
332545.0,482327.0,275591.0
332584.0,483705.0,275901.0
332697.0,482012.0,273810.0
332786.0,466381.0,288432.0
332789.0,479675.0,279892.0
332821.0,477084.0,276641.0
332845.0,483843.0,281696.0
332850.0,471043.0,281784.0
332928.0,491312.0,278542.0
332931.0,473244.0,275419.0
332990.0,484303.0,283663.0
333106.0,467785.0,274879.0
333222.0,480990.0,284930.0
333247.0,476459.0,280190.0
333414.0,477578.0,279711.0
333503.0,471064.0,284838.0
333529.0,482218.0,297526.0
333663.0,466774.0,274762.0
333701.0,483189.0,278826.0
333723.0,489377.0,286073.0
333742.0,480160.0,285150.0
333770.0,473191.0,266921.0
333919.0,479059.0,286780.0
334001.0,479835.0,278780.0
334119.0,481832.0,281583.0
334158.0,490992.0,279564.0
334240.0,487910.0,286485.0
334373.0,479520.0,282673.0
334399.0,466122.0,270917.0
334477.0,466868.0,299285.0
334509.0,477358.0,276090.0
334559.0,487264.0,282054.0
334751.0,472479.0,276288.0
335234.0,473767.0,281860.0
335348.0,470805.0,284631.0
335352.0,476817.0,268756.0
335370.0,484898.0,281725.0
335466.0,473105.0,275684.0
335582.0,481702.0,285797.0
335710.0,485765.0,269508.0
335711.0,472619.0,276538.0
335759.0,474042.0,272470.0
335964.0,464457.0,278307.0
336141.0,470378.0,288593.0
336210.0,467099.0,283204.0
336471.0,469583.0,276625.0
336764.0,469598.0,266386.0
336898.0,476635.0,281338.0
337264.0,479944.0,283347.0
337271.0,467038.0,273967.0
337284.0,470450.0,277528.0
337823.0,479511.0,285563.0
337977.0,489680.0,275804.0
338008.0,475019.0,282074.0
338330.0,466171.0,262485.0
338376.0,464934.0,286497.0
338445.0,475942.0,283911.0
338648.0,481012.0,288026.0
338766.0,486087.0,273367.0
339234.0,480850.0,274107.0
339321.0,478141.0,277154.0
339581.0,468588.0,277075.0
339794.0,489935.0,277551.0
340181.0,467898.0,276998.0
340422.0,471601.0,274100.0
340459.0,474029.0,271382.0
341524.0,476383.0,290163.0
341776.0,480418.0,284858.0
341860.0,491383.0,285589.0
343722.0,473012.0,287832.0
379016.0,612046.0,870343.0
384521.0,614587.0,864819.0
384555.0,617630.0,861109.0
387146.0,607480.0,878226.0
388141.0,611323.0,863887.0
388734.0,613315.0,861401.0
388811.0,619640.0,859138.0
388905.0,616682.0,865547.0
389627.0,622426.0,857036.0
389717.0,610188.0,871022.0
389767.0,623261.0,859007.0
390184.0,625552.0,863517.0
390213.0,616481.0,858501.0
390556.0,624095.0,869008.0
390705.0,609444.0,864418.0
390828.0,613330.0,869183.0
390956.0,605435.0,867204.0
390988.0,617184.0,876692.0
391312.0,614475.0,872369.0
391481.0,610096.0,863776.0
391563.0,621420.0,865437.0
391618.0,622684.0,865226.0
391663.0,609501.0,863628.0
391770.0,619627.0,862915.0
391877.0,625748.0,863479.0
391890.0,616496.0,871646.0
391947.0,610415.0,874565.0
392488.0,605695.0,865456.0
392495.0,609039.0,869650.0
392504.0,610503.0,861636.0
392642.0,611648.0,871592.0
392652.0,629042.0,861257.0
392688.0,620229.0,870884.0
392845.0,608118.0,872154.0
392973.0,609418.0,871933.0
392986.0,607803.0,861169.0
392999.0,605332.0,875249.0
393082.0,609723.0,863432.0
393121.0,610062.0,863187.0
393186.0,617437.0,875569.0
393266.0,615365.0,861633.0
393404.0,618259.0,867226.0
393460.0,615329.0,869060.0
393652.0,614348.0,859212.0
393684.0,617502.0,871108.0
393700.0,622405.0,874302.0
393705.0,612730.0,857049.0
393728.0,614800.0,859978.0
393761.0,615016.0,871714.0
393907.0,621344.0,861450.0
393983.0,624451.0,859733.0
394251.0,617977.0,864993.0
394257.0,611774.0,871399.0
394408.0,612849.0,864385.0
394442.0,605800.0,874599.0
394522.0,611459.0,868411.0
394766.0,615198.0,857841.0
394770.0,626535.0,870122.0
394989.0,614363.0,854543.0
395059.0,612653.0,867287.0
395085.0,613911.0,858149.0
395165.0,605594.0,863746.0
395214.0,609443.0,858537.0
395238.0,608111.0,862671.0
395297.0,610065.0,875907.0
395330.0,614150.0,866399.0
395347.0,620770.0,858216.0
395400.0,612522.0,867391.0
395445.0,600901.0,869938.0
395528.0,614062.0,861430.0
395709.0,604178.0,875978.0
395958.0,607236.0,878596.0
396064.0,607603.0,861460.0
396069.0,616014.0,865406.0
396164.0,614460.0,864772.0
396201.0,619278.0,860958.0
396333.0,617712.0,863615.0
396427.0,614480.0,868160.0
396455.0,625747.0,866879.0
396524.0,616881.0,861268.0
396552.0,609434.0,860550.0
396563.0,600695.0,869864.0
396591.0,620315.0,860574.0
396716.0,609106.0,875276.0
396727.0,609450.0,855087.0
396783.0,629634.0,863393.0
396792.0,623225.0,865151.0
396880.0,609100.0,878136.0
396907.0,600480.0,869967.0
396940.0,612643.0,861309.0
396968.0,622663.0,859699.0
397024.0,609915.0,869386.0
397070.0,624392.0,865877.0
397172.0,607712.0,876941.0
397211.0,621984.0,874373.0
397231.0,611056.0,867152.0
397358.0,606089.0,868423.0
397465.0,613285.0,859142.0
397508.0,611574.0,863986.0
397666.0,615928.0,863743.0
397695.0,609784.0,870034.0
397809.0,618379.0,871049.0
398052.0,615728.0,870008.0
398058.0,614478.0,861828.0
398105.0,613314.0,871928.0
398142.0,610759.0,867961.0
398164.0,614359.0,865109.0
398175.0,611645.0,872884.0
398202.0,620205.0,861151.0
398213.0,615890.0,873857.0
398227.0,610982.0,868015.0
398427.0,623896.0,867813.0
398436.0,615394.0,856508.0
398549.0,602094.0,863970.0
398564.0,617443.0,866632.0
398655.0,607270.0,866669.0
398678.0,612482.0,865428.0
398893.0,612569.0,872357.0
398972.0,610945.0,872582.0
398993.0,626084.0,867188.0
399029.0,607231.0,866242.0
399149.0,606351.0,864431.0
399265.0,614369.0,858711.0
399365.0,619961.0,864932.0
399372.0,608872.0,853927.0
399390.0,613782.0,864820.0
399404.0,613915.0,879133.0
399437.0,611623.0,869728.0
399480.0,622395.0,870871.0
399491.0,610623.0,871593.0
399579.0,615670.0,869551.0
399720.0,609131.0,849052.0
399722.0,621237.0,860926.0
399833.0,615360.0,864403.0
399863.0,612429.0,869763.0
399867.0,623936.0,875735.0
399878.0,625579.0,856746.0
399978.0,606943.0,869476.0
400031.0,616065.0,870278.0
400049.0,627103.0,878322.0
400186.0,611960.0,852752.0
400249.0,609124.0,866271.0
400466.0,620001.0,878003.0
400471.0,616190.0,861846.0
400791.0,602170.0,879287.0
400909.0,602898.0,862849.0
401000.0,604723.0,873413.0
401046.0,617089.0,857615.0
401052.0,612821.0,863490.0
401109.0,615921.0,864199.0
401137.0,602595.0,855095.0
401252.0,614166.0,871332.0
401285.0,605213.0,868524.0
401292.0,603065.0,857444.0
401381.0,620956.0,855681.0
401650.0,619494.0,869145.0
401677.0,609419.0,868479.0
401765.0,616164.0,873313.0
401805.0,623918.0,859985.0
401893.0,613982.0,861891.0
401960.0,610989.0,861729.0
401984.0,608885.0,873828.0
402125.0,616420.0,879932.0
402374.0,613693.0,869068.0
402389.0,611795.0,867574.0
402422.0,605378.0,859828.0
402434.0,608247.0,863662.0
402443.0,609988.0,865651.0
402548.0,623968.0,866280.0
402738.0,614993.0,865775.0
402860.0,618391.0,865548.0
402871.0,610366.0,862875.0
402940.0,610415.0,861029.0
403017.0,615906.0,862290.0
403018.0,615577.0,858764.0
403038.0,612685.0,875165.0
403111.0,624411.0,854623.0
403142.0,610697.0,869930.0
403269.0,623385.0,855809.0
403357.0,618121.0,856920.0
403389.0,607704.0,861893.0
403425.0,611628.0,872636.0
403514.0,619922.0,856414.0
403667.0,611997.0,863801.0
403906.0,621896.0,866682.0
403923.0,617241.0,869402.0
404087.0,608010.0,864896.0
404164.0,609995.0,851617.0
404717.0,617602.0,860469.0
404797.0,611078.0,876969.0
404960.0,605754.0,862466.0
405150.0,611967.0,867500.0
405175.0,623676.0,854030.0
405337.0,622160.0,856326.0
405536.0,618661.0,867057.0
405810.0,612335.0,865371.0
405863.0,606686.0,865469.0
406009.0,614448.0,853863.0
406049.0,613512.0,853071.0
406105.0,618840.0,867795.0
406265.0,612554.0,865496.0
406432.0,612359.0,858337.0
406497.0,620250.0,862444.0
406528.0,616968.0,861985.0
406554.0,612390.0,862743.0
406789.0,616462.0,865246.0
407112.0,616195.0,861370.0
407243.0,613205.0,871312.0
407346.0,611964.0,863193.0
407417.0,608503.0,862780.0
407426.0,616436.0,871084.0
407554.0,616230.0,878183.0
407895.0,596641.0,869530.0
408959.0,609679.0,865589.0
408986.0,615557.0,864163.0
409039.0,606183.0,860858.0
409137.0,604431.0,855927.0
409181.0,610500.0,867148.0
409771.0,614173.0,877381.0
410167.0,613939.0,864571.0
410406.0,620175.0,873545.0
411144.0,626486.0,873146.0
411246.0,612269.0,876153.0
412495.0,619823.0,864599.0
415942.0,624887.0,869926.0
628783.0,716845.0,958446.0
630871.0,720002.0,964556.0
631529.0,718050.0,962328.0
632769.0,715169.0,957031.0
632783.0,717212.0,955754.0
633071.0,722430.0,962030.0
633292.0,718131.0,956216.0
633439.0,711463.0,958358.0
634609.0,709346.0,961532.0
634808.0,703967.0,958684.0
634838.0,708029.0,955618.0
634853.0,719211.0,953804.0
635098.0,716861.0,950022.0
635172.0,710128.0,955168.0
635216.0,708365.0,966348.0
635601.0,718370.0,953180.0
635722.0,717586.0,953020.0
635827.0,709917.0,969041.0
635902.0,717003.0,948877.0
636805.0,698583.0,949760.0
636922.0,715523.0,961173.0
636947.0,720396.0,957073.0
637059.0,721213.0,957086.0
637070.0,717783.0,966415.0
637460.0,706970.0,957125.0
637481.0,714747.0,951351.0
637503.0,707145.0,971706.0
637504.0,713571.0,961888.0
637567.0,716609.0,957615.0
637881.0,705867.0,957242.0
637949.0,715945.0,960663.0
638122.0,709306.0,967907.0
638534.0,718790.0,953281.0
638634.0,709609.0,964977.0
638713.0,715496.0,962226.0
638736.0,713742.0,956417.0
638859.0,712378.0,950746.0
638979.0,702279.0,961486.0
639125.0,712767.0,961698.0
639280.0,707194.0,956633.0
639471.0,713333.0,958909.0
639593.0,711904.0,967682.0
639680.0,729872.0,965972.0
639751.0,721702.0,962225.0
639789.0,707282.0,953253.0
639939.0,710574.0,957785.0
640131.0,721172.0,961800.0
640335.0,714159.0,957246.0
640500.0,710766.0,962909.0
640607.0,715575.0,967330.0
640728.0,705291.0,957539.0
640796.0,721223.0,955242.0
640798.0,714222.0,954911.0
640854.0,713490.0,954364.0
641197.0,700076.0,940834.0
641206.0,714641.0,947728.0
641251.0,702404.0,961037.0
641418.0,721882.0,966213.0
641463.0,711967.0,966331.0
641825.0,710326.0,957754.0
641885.0,709881.0,960315.0
641993.0,705533.0,953028.0
642116.0,721148.0,955694.0
642202.0,720546.0,961643.0
642249.0,714250.0,968123.0
642308.0,713606.0,950265.0
642345.0,714290.0,958586.0
642523.0,712295.0,958515.0
642545.0,715658.0,958785.0
642555.0,716055.0,957167.0
642706.0,710288.0,963512.0
642774.0,702640.0,951523.0
642806.0,708107.0,962355.0
642888.0,715414.0,956284.0
642955.0,713065.0,954822.0
643021.0,708988.0,955681.0
643138.0,715720.0,955538.0
643148.0,708071.0,962413.0
643202.0,704794.0,951147.0
643223.0,710657.0,958133.0
643330.0,712061.0,958805.0
643361.0,707741.0,955878.0
643362.0,704382.0,950128.0
643369.0,717114.0,969467.0
643408.0,711560.0,960207.0
643549.0,720019.0,960551.0
643625.0,721826.0,959711.0
643770.0,713244.0,957457.0
643869.0,703189.0,958681.0
643984.0,715635.0,948753.0
643994.0,719255.0,953386.0
644256.0,712976.0,950909.0
644306.0,712003.0,962097.0
644313.0,719732.0,952307.0
644315.0,720707.0,956610.0
644393.0,714667.0,948894.0
644443.0,710857.0,960101.0
644516.0,717857.0,963941.0
644517.0,721670.0,949434.0
644741.0,719871.0,961805.0
644767.0,718330.0,962216.0
644876.0,715384.0,953503.0
644882.0,709768.0,950692.0
644963.0,708769.0,962568.0
645072.0,718899.0,958630.0
645132.0,717637.0,958923.0
645167.0,712897.0,950906.0
645339.0,712457.0,962046.0
645404.0,732223.0,958909.0
645407.0,722591.0,956422.0
645467.0,710516.0,958096.0
645468.0,723933.0,949651.0
645480.0,705963.0,957760.0
645509.0,706699.0,971018.0
645595.0,722703.0,963776.0
645750.0,712303.0,959840.0
645768.0,704659.0,955393.0
645774.0,712514.0,955552.0
645914.0,705111.0,959843.0
645917.0,709247.0,961130.0
645929.0,706411.0,952993.0
645967.0,721232.0,956099.0
646000.0,703106.0,971880.0
646033.0,712938.0,948047.0
646038.0,713129.0,956588.0
646049.0,706598.0,964398.0
646049.0,712757.0,955147.0
646050.0,729259.0,965373.0
646058.0,715431.0,950993.0
646064.0,712251.0,959299.0
646066.0,710951.0,959094.0
646328.0,711492.0,956365.0
646337.0,709700.0,961910.0
646474.0,720739.0,953204.0
646485.0,713832.0,964263.0
646517.0,714008.0,965435.0
646520.0,713344.0,959411.0
646545.0,717036.0,955763.0
646623.0,701536.0,959788.0
646672.0,717265.0,961110.0
646837.0,713178.0,952456.0
646985.0,714615.0,947922.0
646991.0,711523.0,954269.0
647028.0,716449.0,959305.0
647248.0,705406.0,956261.0
647356.0,715154.0,961322.0
647408.0,705984.0,955541.0
647458.0,714861.0,962250.0
647528.0,709777.0,960667.0
647573.0,716429.0,953637.0
647638.0,711101.0,964285.0
647956.0,716200.0,946438.0
647966.0,711844.0,959376.0
648021.0,713570.0,951516.0
648033.0,706428.0,955971.0
648155.0,713632.0,974063.0
648224.0,714649.0,954380.0
648291.0,703558.0,955454.0
648309.0,708197.0,960979.0
648337.0,715815.0,949849.0
648432.0,708405.0,949501.0
648555.0,713325.0,962819.0
648583.0,713853.0,959828.0
648792.0,708153.0,948210.0
648945.0,714455.0,959980.0
649028.0,712133.0,954196.0
649174.0,723397.0,958534.0
649206.0,715276.0,954154.0
649228.0,715648.0,966437.0
649285.0,722620.0,961673.0
649356.0,699070.0,969488.0
649444.0,718628.0,952531.0
649536.0,717288.0,948500.0
649561.0,710720.0,970958.0
649684.0,703919.0,955941.0
649710.0,707925.0,955656.0
649861.0,711140.0,959884.0
649866.0,723244.0,962063.0
650018.0,715362.0,962473.0
650027.0,704498.0,956057.0
650095.0,714716.0,959357.0
650409.0,708469.0,948596.0
650620.0,715353.0,947963.0
650646.0,714452.0,966669.0
650920.0,713011.0,952398.0
651141.0,718738.0,963369.0
651253.0,707401.0,963964.0
651588.0,720872.0,966899.0
651619.0,703700.0,960006.0
651678.0,716848.0,958688.0
652106.0,700445.0,957343.0
652128.0,709120.0,965508.0
652140.0,719581.0,957817.0
652286.0,698176.0,956076.0
652344.0,720257.0,950254.0
652444.0,718115.0,961360.0
652609.0,706706.0,944559.0
652856.0,732456.0,959697.0
652858.0,703269.0,960823.0
653026.0,712610.0,949336.0
653141.0,719156.0,956647.0
653206.0,709254.0,954255.0
653310.0,708429.0,962059.0
653444.0,713117.0,954979.0
653469.0,709448.0,951552.0
653694.0,707088.0,947280.0
653721.0,719315.0,952312.0
653756.0,709304.0,952077.0
653804.0,702030.0,968393.0
653986.0,726319.0,958153.0
654075.0,731691.0,959985.0
654102.0,702825.0,954203.0
654120.0,721933.0,955198.0
654604.0,714352.0,943423.0
654703.0,717547.0,960890.0
654984.0,707415.0,950959.0
655019.0,704603.0,949070.0
655026.0,727839.0,964224.0
655723.0,704277.0,958573.0
655829.0,709692.0,959041.0
656167.0,707231.0,961462.0
656236.0,711508.0,958085.0
656308.0,708684.0,957944.0
656953.0,482777.0,281635.0
657358.0,715525.0,951988.0
657816.0,481356.0,291929.0
660205.0,483688.0,279993.0
660482.0,483629.0,293149.0
661018.0,485203.0,284025.0
661331.0,483510.0,292796.0
661358.0,485747.0,290196.0
661503.0,498520.0,275943.0
663357.0,479678.0,284286.0
663562.0,485098.0,290810.0
663884.0,486538.0,286754.0
664009.0,486161.0,291079.0
664013.0,476859.0,284820.0
664268.0,468295.0,290101.0
664464.0,485756.0,294885.0
664512.0,706273.0,952091.0
664709.0,494214.0,287470.0
664714.0,488613.0,288638.0
664779.0,491813.0,289474.0
665343.0,489194.0,280023.0
665359.0,480919.0,280615.0
665513.0,489482.0,284467.0
666199.0,484809.0,286115.0
666303.0,487381.0,290136.0
666542.0,477631.0,288418.0
666729.0,486790.0,286658.0
666818.0,479088.0,286988.0
667112.0,486388.0,277280.0
667197.0,487630.0,299616.0
667444.0,483095.0,301609.0
667446.0,487370.0,284610.0
667673.0,477738.0,293948.0
667769.0,492151.0,279679.0
667771.0,491318.0,281245.0
667795.0,486712.0,288858.0
667879.0,483516.0,268675.0
668139.0,482928.0,287037.0
668208.0,481270.0,284337.0
668636.0,479515.0,292899.0
668769.0,486657.0,293994.0
668774.0,485130.0,288041.0
668800.0,475476.0,294642.0
668831.0,478915.0,291206.0
668937.0,476213.0,284426.0
669123.0,502494.0,295510.0
669171.0,472362.0,279166.0
669179.0,488886.0,296124.0
669284.0,499452.0,282559.0
669285.0,486727.0,283084.0
669574.0,473088.0,293602.0
669675.0,496182.0,284107.0
669816.0,485070.0,291547.0
669821.0,493514.0,297412.0
669935.0,481584.0,285502.0
670051.0,475659.0,285388.0
670101.0,485940.0,284950.0
670155.0,477307.0,286695.0
670301.0,503096.0,297913.0
670305.0,489786.0,282738.0
670374.0,475975.0,285577.0
670749.0,482479.0,288689.0
670761.0,484218.0,284276.0
670958.0,488280.0,289923.0
670960.0,493560.0,291100.0
670961.0,490799.0,288174.0
670984.0,487065.0,297330.0
671016.0,482492.0,282328.0
671023.0,487242.0,281502.0
671068.0,478704.0,281741.0
671167.0,483222.0,274454.0
671188.0,483629.0,297668.0
671220.0,492072.0,280118.0
671309.0,490235.0,282895.0
671312.0,482219.0,281432.0
671347.0,484702.0,293615.0
671539.0,495400.0,290947.0
671571.0,477406.0,282677.0
671791.0,488077.0,290503.0
671913.0,481683.0,296146.0
672003.0,487129.0,282241.0
672017.0,477919.0,286781.0
672092.0,483132.0,287026.0
672282.0,486635.0,273904.0
672355.0,484049.0,286399.0
672382.0,487432.0,284041.0
672523.0,494117.0,277926.0
672671.0,497807.0,285889.0
672769.0,493437.0,285409.0
672816.0,488441.0,280589.0
673070.0,491949.0,286718.0
673201.0,479282.0,289847.0
673329.0,490008.0,284438.0
673359.0,494160.0,290316.0
673374.0,488881.0,289779.0
673394.0,481950.0,288917.0
673410.0,489601.0,277666.0
673503.0,481034.0,288645.0
673666.0,474691.0,285756.0
673675.0,484274.0,284083.0
673845.0,490371.0,279552.0
673872.0,470787.0,288355.0
673897.0,487662.0,292471.0
673905.0,487538.0,289860.0
673953.0,484126.0,288663.0
673971.0,482542.0,286125.0
673987.0,481416.0,290404.0
674041.0,479268.0,273444.0
674195.0,485351.0,275604.0
674253.0,481819.0,299906.0
674280.0,494205.0,285507.0
674427.0,477136.0,283930.0
674448.0,489379.0,294022.0
674450.0,479768.0,279268.0
674477.0,479319.0,282154.0
674502.0,498023.0,290289.0
674513.0,492782.0,277525.0
674536.0,480464.0,292852.0
674625.0,477290.0,282481.0
674663.0,477933.0,288992.0
675099.0,476537.0,294394.0
675109.0,482545.0,288715.0
675109.0,491609.0,281910.0
675596.0,480587.0,286924.0
675705.0,485385.0,290605.0
675718.0,480843.0,285267.0
675742.0,481123.0,286123.0
675758.0,475346.0,275950.0
675761.0,480630.0,292045.0
675795.0,488058.0,283388.0
675864.0,486228.0,279130.0
675881.0,492635.0,291194.0
675894.0,485786.0,286182.0
675914.0,485480.0,300595.0
676071.0,485757.0,290649.0
676080.0,476196.0,287968.0
676163.0,486567.0,296971.0
676328.0,473299.0,284527.0
676350.0,488833.0,291750.0
676353.0,489697.0,295227.0
676359.0,480245.0,290057.0
676377.0,488869.0,294333.0
676413.0,477407.0,285747.0
676517.0,484958.0,283807.0
676679.0,488336.0,293018.0
676701.0,480982.0,289161.0
676713.0,473207.0,279989.0
676727.0,481645.0,290917.0
676947.0,485481.0,283912.0
676970.0,486163.0,286943.0
677037.0,479260.0,282811.0
677171.0,485938.0,289138.0
677226.0,488643.0,298467.0
677322.0,492556.0,294100.0
677394.0,481222.0,290885.0
677452.0,483136.0,283159.0
677625.0,469636.0,284960.0
677672.0,481950.0,303196.0
677736.0,492267.0,290653.0
677775.0,487308.0,282143.0
677799.0,480394.0,281621.0
677855.0,488143.0,283042.0
677892.0,486049.0,292736.0
677984.0,488755.0,289118.0
678002.0,475530.0,288385.0
678025.0,476074.0,275614.0
678111.0,479228.0,291337.0
678333.0,486862.0,284079.0
678389.0,483713.0,286924.0
678495.0,489745.0,286392.0
678532.0,491592.0,285198.0
678583.0,490002.0,292315.0
678716.0,485261.0,292037.0
678988.0,485263.0,291828.0
679028.0,486393.0,282587.0
679216.0,487566.0,287612.0
679258.0,496285.0,287523.0
679347.0,490426.0,294951.0
679544.0,487267.0,280466.0
679553.0,485003.0,283842.0
679797.0,483995.0,280809.0
680031.0,477395.0,300288.0
680246.0,474250.0,291687.0
680291.0,481829.0,293726.0
680347.0,486642.0,292743.0
680439.0,486219.0,287358.0
680552.0,482019.0,284039.0
680576.0,490642.0,294511.0
680861.0,488494.0,291446.0
680916.0,483866.0,288225.0
681029.0,491448.0,277650.0
681292.0,489533.0,285616.0
681457.0,480370.0,286250.0
681472.0,479545.0,293152.0
681635.0,476127.0,300826.0
681644.0,480956.0,283903.0
682182.0,498230.0,293163.0
682552.0,477190.0,288967.0
682571.0,492536.0,279196.0
682906.0,477169.0,290188.0
682951.0,480070.0,284901.0
682989.0,478605.0,287458.0
683097.0,482287.0,295169.0
683136.0,488680.0,285041.0
683523.0,479869.0,294420.0
683681.0,476782.0,281083.0
683703.0,474655.0,282863.0
683935.0,488374.0,292772.0
684067.0,489226.0,287233.0
684081.0,485689.0,284424.0
684380.0,481726.0,278276.0
684901.0,486117.0,296285.0
685023.0,487010.0,286950.0
685295.0,488417.0,285834.0
685497.0,476658.0,284726.0
685591.0,481954.0,285666.0
686037.0,476453.0,282796.0
686041.0,493859.0,287029.0
686376.0,489207.0,290165.0
686926.0,480644.0,283085.0
687010.0,487285.0,283559.0
687428.0,481507.0,287678.0
687666.0,478891.0,276645.0
687896.0,488176.0,286851.0
688049.0,484586.0,280131.0
690934.0,473775.0,279546.0
693286.0,479528.0,288415.0
700191.0,785225.0,490315.0
701347.0,788690.0,486340.0
702902.0,781385.0,488816.0
706411.0,793438.0,471200.0
706902.0,796413.0,480137.0
707134.0,780695.0,484902.0
707484.0,790239.0,475073.0
707667.0,790540.0,479543.0
707701.0,790389.0,472067.0
708477.0,794324.0,477477.0
708579.0,792033.0,492028.0
708638.0,778656.0,478048.0
708789.0,792827.0,472832.0
708849.0,788213.0,477127.0
708965.0,785751.0,482342.0
709165.0,785827.0,478985.0
709251.0,796119.0,476124.0
709253.0,785385.0,485647.0
709280.0,794672.0,489854.0
709350.0,787036.0,485305.0
709548.0,792366.0,487903.0
709629.0,782733.0,492721.0
709895.0,790302.0,490948.0
709987.0,789426.0,480435.0
710500.0,792784.0,493679.0
710582.0,788954.0,496291.0
710715.0,795031.0,482993.0
710793.0,793735.0,487077.0
711081.0,798063.0,478332.0
711125.0,797236.0,487484.0
711375.0,798195.0,490945.0
711463.0,788361.0,490655.0
711471.0,799627.0,475992.0
711677.0,787572.0,475247.0
711704.0,796822.0,498285.0
711802.0,792606.0,483175.0
711822.0,793986.0,485357.0
711872.0,792489.0,487379.0
711936.0,798173.0,491080.0
712179.0,789856.0,484881.0
712231.0,792994.0,471516.0
712406.0,799048.0,488535.0
712422.0,786676.0,487883.0
712481.0,790848.0,482219.0
712597.0,798809.0,491508.0
712643.0,783162.0,480840.0
712654.0,793019.0,485132.0
712743.0,788114.0,478418.0
712850.0,802920.0,482930.0
712881.0,790423.0,489388.0
713084.0,792714.0,479627.0
713168.0,791641.0,463735.0
713333.0,788782.0,487508.0
713344.0,780655.0,478595.0
713439.0,797446.0,474295.0
713472.0,789438.0,486575.0
713511.0,791935.0,480769.0
713516.0,790523.0,495785.0
713543.0,789990.0,491233.0
713579.0,785631.0,479926.0
713585.0,798897.0,490269.0
713638.0,792928.0,484769.0
713654.0,786073.0,480636.0
713712.0,794553.0,476683.0
713718.0,786948.0,483620.0
713765.0,793964.0,494295.0
713775.0,793856.0,489809.0
713826.0,796077.0,492200.0
713845.0,790504.0,490637.0
713969.0,787102.0,488558.0
714121.0,788818.0,495742.0
714621.0,788323.0,493241.0
714677.0,792106.0,484457.0
714783.0,788483.0,466361.0
714852.0,785369.0,481475.0
714870.0,771948.0,478619.0
714881.0,794646.0,485051.0
714889.0,787009.0,481834.0
715074.0,797790.0,487211.0
715080.0,798073.0,493936.0
715161.0,795255.0,492888.0
715163.0,790566.0,478867.0
715178.0,795305.0,497813.0
715267.0,785490.0,487284.0
715546.0,797675.0,481040.0
715769.0,806043.0,478690.0
715857.0,792700.0,489084.0
715953.0,785915.0,494061.0
715992.0,777479.0,487784.0
716012.0,797617.0,487054.0
716176.0,795669.0,484218.0
716252.0,793681.0,488201.0
716294.0,795000.0,489718.0
716320.0,786618.0,476786.0
716342.0,790129.0,480710.0
716354.0,780766.0,474701.0
716372.0,789928.0,497435.0
716411.0,791018.0,493350.0
716414.0,788320.0,482926.0
716471.0,792122.0,482607.0
716480.0,793636.0,489159.0
716495.0,794039.0,481359.0
716658.0,789519.0,487562.0
716746.0,784859.0,489857.0
716880.0,781487.0,481769.0
716961.0,778540.0,477059.0
716995.0,799104.0,490904.0
717046.0,793131.0,485610.0
717081.0,795135.0,487574.0
717190.0,798078.0,490128.0
717248.0,805571.0,490450.0
717297.0,790926.0,484883.0
717337.0,788039.0,484208.0
717371.0,774504.0,479687.0
717457.0,784737.0,496589.0
717467.0,799763.0,485934.0
717475.0,788067.0,487014.0
717742.0,780315.0,484335.0
717827.0,785578.0,494457.0
717922.0,794328.0,486375.0
717950.0,805066.0,487490.0
718119.0,790321.0,482167.0
718193.0,796341.0,486992.0
718220.0,784264.0,496366.0
718455.0,795153.0,486032.0
718456.0,786119.0,489615.0
718484.0,783457.0,485862.0
718626.0,796530.0,494415.0
718638.0,789822.0,496236.0
718649.0,798142.0,475715.0
718737.0,798374.0,481379.0
718778.0,779323.0,472923.0
718860.0,781720.0,480907.0
718948.0,791083.0,477165.0
718955.0,790371.0,495942.0
718998.0,792892.0,475121.0
719122.0,792342.0,479630.0
719124.0,801597.0,482233.0
719142.0,785148.0,487261.0
719301.0,773902.0,477288.0
719483.0,788377.0,492199.0
719485.0,795433.0,486926.0
719522.0,789064.0,482526.0
719583.0,793509.0,485799.0
719641.0,803684.0,492371.0
719653.0,784463.0,487746.0
719660.0,778126.0,484646.0
719682.0,786264.0,465635.0
719744.0,785693.0,493150.0
719755.0,792182.0,483609.0
719826.0,791832.0,479459.0
719867.0,789381.0,492042.0
720133.0,802492.0,484878.0
720170.0,794197.0,478403.0
720174.0,786880.0,488664.0
720196.0,791514.0,488558.0
720317.0,790367.0,505824.0
720368.0,777630.0,490670.0
720400.0,788067.0,472580.0
720461.0,791653.0,484112.0
720489.0,786924.0,482499.0
720527.0,794191.0,487263.0
720540.0,780784.0,479105.0
720607.0,792487.0,487298.0
720620.0,789350.0,484302.0
720674.0,789656.0,478784.0
720795.0,788701.0,486872.0
720819.0,790093.0,484613.0
720947.0,783798.0,486883.0
721033.0,794668.0,492994.0
721099.0,787823.0,490534.0
721115.0,789423.0,489272.0
721296.0,794559.0,498008.0
721336.0,798645.0,487680.0
721440.0,795577.0,493482.0
721463.0,788163.0,484677.0
721467.0,797518.0,487325.0
721547.0,781837.0,488884.0
721686.0,778642.0,491653.0
721731.0,798581.0,482968.0
721764.0,787613.0,478456.0
721871.0,782834.0,481353.0
722052.0,794620.0,486474.0
722306.0,795810.0,474087.0
722381.0,792670.0,480312.0
722419.0,790156.0,488648.0
722428.0,796152.0,494259.0
722454.0,789060.0,481550.0
722534.0,791000.0,488898.0
722628.0,789847.0,480735.0
722672.0,785469.0,483690.0
722710.0,788205.0,499687.0
722716.0,788837.0,485972.0
722744.0,794695.0,476275.0
722751.0,785362.0,484773.0
722811.0,785733.0,486843.0
723042.0,801427.0,492248.0
723168.0,796582.0,483375.0
723268.0,793539.0,489885.0
723676.0,798997.0,489785.0
724264.0,789905.0,481714.0
724277.0,791444.0,476138.0
724520.0,779609.0,483868.0
724553.0,790480.0,486153.0
724711.0,789879.0,486115.0
725257.0,792689.0,482047.0
725314.0,797889.0,487784.0
726038.0,792869.0,473100.0
726495.0,792169.0,487128.0
726563.0,794903.0,475609.0
726617.0,791036.0,488944.0
726685.0,793398.0,474576.0
727645.0,795498.0,496968.0
728236.0,786467.0,487998.0
728280.0,792914.0,481157.0
728518.0,788406.0,486973.0
728598.0,786869.0,483390.0
729082.0,792195.0,486079.0
729408.0,796763.0,477198.0
729855.0,786284.0,466778.0
730091.0,791499.0,475863.0
730782.0,790403.0,485753.0
731127.0,792190.0,480675.0
731258.0,787754.0,490017.0
732362.0,787952.0,490692.0
956369.0,990945.0,646068.0
965297.0,977308.0,632162.0
967440.0,983777.0,635870.0
967525.0,982682.0,635290.0
968214.0,978258.0,643490.0
968392.0,969852.0,635284.0
968709.0,980677.0,625610.0
969058.0,979780.0,644235.0
969292.0,973836.0,645901.0
969372.0,982509.0,639149.0
970226.0,984091.0,641959.0
970524.0,973764.0,635434.0
970543.0,980336.0,640370.0
970655.0,974536.0,632118.0
970669.0,972786.0,633276.0
970759.0,987082.0,628066.0
971249.0,961502.0,626346.0
971353.0,983091.0,631349.0
971374.0,975923.0,630386.0
971387.0,983923.0,631260.0
971511.0,983025.0,640066.0
971522.0,978505.0,632066.0
971696.0,973452.0,635095.0
971952.0,980084.0,629574.0
972228.0,973524.0,639425.0
972594.0,977473.0,642587.0
972597.0,978958.0,643932.0
972630.0,970291.0,644443.0
972662.0,978832.0,640076.0
972890.0,978665.0,634723.0
972972.0,970217.0,639401.0
973053.0,977344.0,631251.0
973079.0,978686.0,631152.0
973355.0,984571.0,630325.0
973402.0,982146.0,635892.0
973732.0,980383.0,639097.0
973769.0,982180.0,630734.0
973840.0,978208.0,646608.0
973933.0,989426.0,642367.0
973946.0,980532.0,638818.0
974393.0,975467.0,633348.0
974657.0,977112.0,636314.0
974736.0,966432.0,639256.0
974736.0,976471.0,633367.0
974826.0,978984.0,633320.0
974856.0,972717.0,647922.0
974910.0,976729.0,632785.0
974975.0,972977.0,633232.0
975020.0,982829.0,636043.0
975154.0,980547.0,631531.0
975157.0,980473.0,637504.0
975164.0,984336.0,632733.0
975352.0,977512.0,635986.0
975750.0,990102.0,647230.0
975767.0,982123.0,632529.0
975807.0,975162.0,651628.0
975867.0,974664.0,637299.0
975912.0,982608.0,645964.0
975945.0,982691.0,628131.0
976067.0,972545.0,648860.0
976068.0,987631.0,643657.0
976166.0,978361.0,628501.0
976324.0,979161.0,630012.0
976370.0,987113.0,632499.0
976803.0,987666.0,624473.0
976878.0,982820.0,636166.0
976951.0,972759.0,644063.0
977011.0,983738.0,637036.0
977036.0,988483.0,639652.0
977095.0,960499.0,628362.0
977243.0,981639.0,632860.0
977266.0,980748.0,632020.0
977290.0,988206.0,639153.0
977497.0,978930.0,644395.0
977572.0,976421.0,640108.0
977692.0,978761.0,638533.0
977742.0,979027.0,639112.0
977829.0,983129.0,641808.0
977843.0,978319.0,627557.0
977865.0,977796.0,631099.0
977947.0,982923.0,645394.0
977981.0,981988.0,631128.0
978004.0,977525.0,638261.0
978022.0,979591.0,632629.0
978031.0,978774.0,641176.0
978079.0,983658.0,639640.0
978103.0,978097.0,646239.0
978159.0,978890.0,640765.0
978197.0,980457.0,637001.0
978267.0,975454.0,635157.0
978270.0,981584.0,632281.0
978532.0,981244.0,634214.0
978551.0,977230.0,631760.0
978620.0,972841.0,641512.0
978728.0,978541.0,640977.0
978809.0,976610.0,641761.0
978840.0,980607.0,634372.0
978858.0,980735.0,645294.0
978868.0,984035.0,634604.0
978930.0,982549.0,630811.0
979012.0,970698.0,626014.0
979034.0,983704.0,637814.0
979064.0,975920.0,642553.0
979156.0,981640.0,625297.0
979225.0,973988.0,643087.0
979333.0,975763.0,640918.0
979678.0,975463.0,641717.0
979681.0,986944.0,643655.0
979702.0,971928.0,642686.0
979711.0,971500.0,617738.0
979728.0,972401.0,641875.0
979789.0,967074.0,625199.0
979930.0,985846.0,633079.0
979956.0,979374.0,631042.0
980011.0,970874.0,640140.0
980013.0,978241.0,633383.0
980069.0,969848.0,632575.0
980123.0,972141.0,642738.0
980352.0,974324.0,635542.0
980432.0,991213.0,642774.0
980506.0,973157.0,639628.0
980552.0,965688.0,638240.0
980558.0,976408.0,635942.0
980624.0,969168.0,624483.0
980643.0,965427.0,640454.0
980730.0,975945.0,631697.0
980767.0,987409.0,623305.0
980787.0,983097.0,631962.0
980827.0,978461.0,622117.0
980835.0,975800.0,646292.0
981027.0,973317.0,628595.0
981038.0,978671.0,645039.0
981046.0,984954.0,647538.0
981087.0,982275.0,644292.0
981158.0,974766.0,638675.0
981160.0,973479.0,630162.0
981233.0,969821.0,621400.0
981246.0,983323.0,636062.0
981287.0,972103.0,629648.0
981381.0,974655.0,647340.0
981398.0,985373.0,633669.0
981579.0,993249.0,632351.0
981580.0,964109.0,644137.0
981699.0,986104.0,637006.0
981700.0,993435.0,631805.0
982149.0,981559.0,634878.0
982165.0,981230.0,637752.0
982308.0,975771.0,636197.0
982571.0,975118.0,634452.0
982641.0,971224.0,636829.0
982711.0,983999.0,637552.0
982942.0,982750.0,630394.0
982950.0,979216.0,633215.0
983037.0,973258.0,632324.0
983042.0,978348.0,631608.0
983214.0,981538.0,636884.0
983569.0,976674.0,634624.0
983652.0,985462.0,627495.0
983694.0,975677.0,631575.0
983728.0,982724.0,635557.0
983846.0,970219.0,635933.0
983899.0,971661.0,630571.0
984087.0,979028.0,642195.0
984162.0,974919.0,641340.0
984259.0,984354.0,634373.0
984385.0,975450.0,648354.0
984557.0,984595.0,638958.0
984637.0,994613.0,638488.0
984661.0,979973.0,638737.0
984677.0,973003.0,629483.0
984746.0,986125.0,636577.0
984845.0,978526.0,634089.0
985009.0,978659.0,644557.0
985031.0,975203.0,635614.0
985228.0,980758.0,637633.0
985250.0,984185.0,639094.0
985353.0,986110.0,638736.0
985499.0,984344.0,632940.0
985515.0,983107.0,629428.0
985517.0,982393.0,627403.0
985605.0,983874.0,643927.0
985692.0,981980.0,637060.0
985761.0,980100.0,636615.0
985789.0,978224.0,641115.0
985811.0,976838.0,645808.0
985857.0,979613.0,641596.0
985978.0,975852.0,640986.0
986130.0,973393.0,640894.0
986296.0,978860.0,631434.0
986415.0,975985.0,629092.0
986435.0,978549.0,638424.0
986581.0,977447.0,637677.0
986618.0,981523.0,635868.0
986635.0,989044.0,631280.0
986978.0,985493.0,625933.0
987186.0,975579.0,633361.0
987273.0,975013.0,632722.0
987344.0,972938.0,626913.0
987506.0,983761.0,643199.0
987727.0,975459.0,637517.0
987753.0,971056.0,637286.0
988139.0,982667.0,641867.0
988543.0,979495.0,638439.0
988597.0,974645.0,636297.0
988738.0,976425.0,630581.0
988962.0,976549.0,623972.0
989189.0,982874.0,637174.0
989275.0,983551.0,641102.0
989326.0,970301.0,648689.0
989402.0,983022.0,626016.0
989442.0,980141.0,636528.0
989512.0,983398.0,632254.0
989814.0,974471.0,631486.0
990481.0,984393.0,635004.0
990655.0,983347.0,639801.0
991251.0,971099.0,637618.0
992544.0,977859.0,637328.0
992798.0,988599.0,638283.0
992996.0,983696.0,636643.0
993173.0,985359.0,633678.0
993450.0,977138.0,640323.0
993607.0,977782.0,630588.0
995623.0,974069.0,641624.0
995757.0,986464.0,647034.0
1000000.0,976042.0,644851.0
